{"type": "FeatureCollection", "features": [{"type": "Feature", "geometry": {"type": "Polygon", "coordinates": [[[-87.98574874357787, 38.75824431404822], [-87.9869763309395, 38.75905538479726], [-87.98839182250238, 38.75913737118378], [-87.98958543468162, 38.75937930616311], [-87.99021557590397, 38.7595930183668], [-87.99070403663636, 38.75916052735964], [-87.99175012837797, 38.75835649012674], [-87.99297294748207, 38.75778544783643], [-87.9939157437458, 38.75779620620276], [-87.99408284566, 38.75772423341546], [-87.99475944774885, 38.757604666689765], [-87.995559282525, 38.75731173976424], [-87.99628404599117, 38.75687638734023], [-87.99660731193269, 38.75647307258855], [-87.99703738845979, 38.75586856238682], [-87.99739358574129, 38.75520745678877], [-87.99742332806206, 38.75472081512762], [-87.9975281731338, 38.754376597615796], [-87.99746985001399, 38.753991104564996], [-87.99756041905925, 38.75305033429074], [-87.99762589546367, 38.75234667165807], [-87.99757973104123, 38.75213641674278], [-87.9974264874369, 38.751432425642015], [-87.99705655132142, 38.75065676014095], [-87.99683523967309, 38.7502812218513], [-87.99673722000087, 38.750078416439884], [-87.99655682571539, 38.74993804781631], [-87.99657992229967, 38.74933380594057], [-87.99654663253187, 38.748728818422116], [-87.99661279435087, 38.74791804648427], [-87.9964589542652, 38.74700788226373], [-87.99645031157384, 38.74623481072353], [-87.99628529644605, 38.74552321988608], [-87.99595451969044, 38.74473286234915], [-87.99560982623446, 38.74393541187618], [-87.9950134212426, 38.74346182348488], [-87.99460480277267, 38.74311075187759], [-87.99423245198572, 38.742752557805375], [-87.993438220002, 38.74242753382346], [-87.99261767187203, 38.742207025685225], [-87.99181017805977, 38.74189013810732], [-87.99088907790679, 38.74177596518707], [-87.99045882081829, 38.74145007634218], [-87.99004298887665, 38.7411079157676], [-87.9896672119152, 38.74053434128466], [-87.98933586832266, 38.739859199161415], [-87.98924565680689, 38.73936871190859], [-87.98951101734518, 38.73872691875615], [-87.99010715284246, 38.73819777814274], [-87.99066994107974, 38.73799670207014], [-87.9916212902033, 38.73775515357867], [-87.99239936957989, 38.73745611703453], [-87.99311113801717, 38.73712584866849], [-87.99374014646395, 38.73662126531197], [-87.99417901570105, 38.73602450373397], [-87.99444488199086, 38.7353571397784], [-87.9947601619095, 38.73460072746916], [-87.99497956553618, 38.733878943350874], [-87.99513796547022, 38.73329577155485], [-87.995333259213, 38.73280144115721], [-87.99564034290297, 38.732269887388206], [-87.99556741676989, 38.73170855991482], [-87.99547622159888, 38.73118010451282], [-87.99551863016512, 38.730496052627686], [-87.99586764451763, 38.72998163326138], [-87.99642837651125, 38.729453358500834], [-87.99703342329612, 38.72899747199388], [-87.9974637980639, 38.728550348092206], [-87.99794263244969, 38.72797960279939], [-87.99866861762466, 38.727637770140554], [-87.99944130171966, 38.72742074979141], [-87.99991179165478, 38.72733435255911], [-87.99994910407842, 38.72664058354419], [-88.00006709150277, 38.72630602313978], [-88.0003094434917, 38.72591856271373], [-88.00051600390476, 38.72555890880653], [-88.00084749482103, 38.72520712195699], [-88.00126535336194, 38.72476807382378], [-88.00158248021681, 38.724429877139954], [-88.00200835532334, 38.72394403911935], [-88.00234172461685, 38.723501147516295], [-88.00262818478453, 38.72302660503714], [-88.00265268184233, 38.7225252097832], [-88.00268609018775, 38.721849323432885], [-88.00256172472487, 38.7210499353749], [-88.00249112343174, 38.7203782206835], [-88.0024182862319, 38.719642967741436], [-88.00235710197788, 38.71902659582399], [-88.00223389893499, 38.71817269989691], [-88.00211093394563, 38.71747753124419], [-88.00201440457846, 38.716697126766014], [-88.00205833309417, 38.71593922299587], [-88.00211680533432, 38.71499177836089], [-88.00210321472241, 38.71412068517666], [-88.00210539134034, 38.713339447776846], [-88.00208780771695, 38.712660192713265], [-88.00211778898957, 38.71189662797658], [-88.00217655857209, 38.711104422124734], [-88.00218672121288, 38.710447547430874], [-88.00224716076352, 38.70974442185976], [-88.0021871389295, 38.70924398139133], [-88.00230882112461, 38.70856097217349], [-88.00244486917776, 38.70803409666081], [-88.00260484835009, 38.707457838180304], [-88.00265583942057, 38.706870525111036], [-88.00279197640693, 38.70616903697533], [-88.00303939579237, 38.70545452683815], [-88.00326124373494, 38.70503574451875], [-88.00354508172032, 38.70460188134888], [-88.00382435806068, 38.704216268944336], [-88.00411761398348, 38.70383634896742], [-88.00454199968327, 38.703250405428264], [-88.00480521324805, 38.70279073436901], [-88.00487942127704, 38.702441123672756], [-88.00522110447851, 38.701934841383434], [-88.00530922920788, 38.70142528086519], [-88.00523669114702, 38.70118695139369], [-88.005102908645, 38.70084568603801], [-88.00480580883108, 38.700565782074015], [-88.00461826215933, 38.70043638111014], [-88.004417305437, 38.70010804834534], [-88.00440642773724, 38.699531671302964], [-88.00436166468661, 38.69889065325709], [-88.00424233607754, 38.698532309685056], [-88.00405648811999, 38.69798609285943], [-88.00390989115046, 38.697583939574], [-88.00374323569895, 38.69713180958852], [-88.00364614039316, 38.696721311158655], [-88.00351772263002, 38.69612407262429], [-88.0034101053573, 38.69571137041657], [-88.00349477426776, 38.6955358047947], [-88.00378537656722, 38.69545122557711], [-88.00429374396629, 38.69539707477332], [-88.00469551008723, 38.69538572017157], [-88.00513181643083, 38.695407923867556], [-88.00575233040828, 38.69538005794405], [-88.00618428531267, 38.69527387216466], [-88.00667626294937, 38.695328499822125], [-88.00712344609443, 38.69533496693757], [-88.00754485118411, 38.695396985731385], [-88.00788957428449, 38.695417996121954], [-88.00823113890834, 38.69508495472901], [-88.00836194169855, 38.69472294624346], [-88.00856328649309, 38.694359119303606], [-88.00870821529112, 38.69399585842963], [-88.00864852044386, 38.69348027818163], [-88.00851903009229, 38.69293412093484], [-88.00839874747237, 38.69245224697279], [-88.00822315288546, 38.691583181767356], [-88.00810868146714, 38.69099372178166], [-88.00805521553805, 38.69026356421263], [-88.00799242240139, 38.68964510682409], [-88.00795522945367, 38.68889653158528], [-88.00795692726955, 38.688140178641326], [-88.00799486581896, 38.68733742303853], [-88.0080595669773, 38.686430000769604], [-88.00801495304701, 38.685869062163995], [-88.0079327275541, 38.68508541033018], [-88.00794187689529, 38.684311234701916], [-88.00808105378057, 38.68338274330632], [-88.0080364102059, 38.68265410619625], [-88.008090024357, 38.68202748220739], [-88.00837183484477, 38.6810980663749], [-88.00856924501835, 38.68058439388038], [-88.0088550206698, 38.680055312945676], [-88.0092474874309, 38.67947518100109], [-88.00962922471427, 38.67907153792947], [-88.00992817146441, 38.678752415201295], [-88.01039511574908, 38.678315393903965], [-88.01079851949878, 38.67788579308572], [-88.0111344220414, 38.67748158422346], [-88.01170704323779, 38.67704453342621], [-88.01213765785575, 38.67665945762704], [-88.01253572740929, 38.67639889566406], [-88.01303151839438, 38.675928406187374], [-88.01342049879386, 38.67559801760079], [-88.01384059234323, 38.675211421282015], [-88.0142156246013, 38.67478837740669], [-88.01473919149498, 38.67433687200754], [-88.01528418769975, 38.6738690648846], [-88.01562566249208, 38.673554799528354], [-88.0157042507064, 38.673482469046704], [-88.01615891591946, 38.672955563762436], [-88.01670411873677, 38.67239387921193], [-88.01710373878247, 38.67199035611294], [-88.0171397989546, 38.67187543820165], [-88.01725990280978, 38.67149283631688], [-88.0176283782646, 38.670878520227625], [-88.01799017833854, 38.67041455781745], [-88.01836449643596, 38.66985624093753], [-88.01884124403534, 38.66928260591447], [-88.01914433381558, 38.66876341925162], [-88.01948267977576, 38.66807212377284], [-88.01968974683865, 38.667513718486866], [-88.01984233377449, 38.66686626231161], [-88.01968104306185, 38.6661602758432], [-88.01958719606411, 38.665595938554965], [-88.01907921494062, 38.66513671433442], [-88.01881239464, 38.66459502763827], [-88.01868773093645, 38.66416003259661], [-88.01838955943238, 38.663601357613885], [-88.01810831488322, 38.66316090990475], [-88.01774755685503, 38.6625662334763], [-88.01754898426147, 38.662213106280646], [-88.01731461919374, 38.66172080114558], [-88.0172845184452, 38.66122420534851], [-88.0172870813387, 38.66076602421703], [-88.01725006715573, 38.66034941786933], [-88.0173401600939, 38.65991373695917], [-88.01751143378428, 38.65913193272071], [-88.01767403513891, 38.65843148885347], [-88.01773226842721, 38.6578345775027], [-88.01776651220582, 38.65737678435649], [-88.01774788474009, 38.65683757136201], [-88.01777920719744, 38.65643565611481], [-88.01781824797969, 38.655917185138435], [-88.01778957824737, 38.65560625802921], [-88.0177618328815, 38.6552511631518], [-88.01775152112037, 38.65490253517898], [-88.01817551784964, 38.65440900895624], [-88.01849705543256, 38.654101210403674], [-88.01885253765508, 38.6537696891483], [-88.01927042673874, 38.65348242439225], [-88.01969633059136, 38.6530648349235], [-88.01995358473252, 38.652800367934226], [-88.02019969257766, 38.65256481102915], [-88.02131361430975, 38.651598649414176], [-88.02303994362217, 38.6498382546745], [-88.02343947383638, 38.64915435136422], [-88.02393040763071, 38.64831404501531], [-88.02475354740028, 38.64719097388691], [-88.02517989951222, 38.64638610327437], [-88.02572137881265, 38.64598079046602], [-88.02619112224775, 38.645661936296094], [-88.02623314453844, 38.64564080605767], [-88.02646965478309, 38.64530481429299], [-88.02672467391581, 38.64480982784645], [-88.0268122928937, 38.644659117651294], [-88.02702403838258, 38.644297435744654], [-88.02722442916625, 38.64397148770775], [-88.02733448985656, 38.64342217141951], [-88.02737394655878, 38.64313559206191], [-88.02744094291268, 38.6425415723941], [-88.02757079169204, 38.642054632215476], [-88.02772913143896, 38.64121745545353], [-88.02784834057212, 38.64056749591602], [-88.02784598608775, 38.64000849377907], [-88.027820773971, 38.63953198418098], [-88.02779010728383, 38.63881249615226], [-88.02766833435886, 38.63840861543025], [-88.02748335147892, 38.63783000340249], [-88.02732444489504, 38.63735319583962], [-88.0271124011655, 38.636723859788106], [-88.02697706906963, 38.63629703164541], [-88.02679318842254, 38.63591997187855], [-88.0265377228271, 38.635514332526064], [-88.02615738511895, 38.635107829180335], [-88.02572027478317, 38.634724093385756], [-88.02534703107082, 38.63447914916579], [-88.02489641905632, 38.63431881215828], [-88.02428690135625, 38.63418404607637], [-88.0237621127538, 38.634202195991705], [-88.02310538858556, 38.634135826153255], [-88.02248672154434, 38.63410098726148], [-88.02188331418485, 38.63401113360577], [-88.02119637069045, 38.63387398320154], [-88.02063450681958, 38.633732213802745], [-88.01994693719944, 38.633542610450924], [-88.01946887805973, 38.63334946218245], [-88.018970315772, 38.633127047146786], [-88.01828968923067, 38.6328595417578], [-88.01778391436952, 38.63264600843243], [-88.0172787647358, 38.63248561118611], [-88.01678568486622, 38.632252944613974], [-88.01634213630481, 38.631926311637315], [-88.01613185057828, 38.6317193641827], [-88.01589909529152, 38.63140992712985], [-88.01572799946756, 38.6310972108789], [-88.0155736832748, 38.63082055621632], [-88.01534784142248, 38.63051952228745], [-88.01505264963022, 38.630415661341345], [-88.01453286733884, 38.630448295710025], [-88.01425272502254, 38.63046680165853], [-88.01382693884923, 38.63054688083083], [-88.01333111732141, 38.63069508808101], [-88.01267829812973, 38.63086129561156], [-88.01203537118593, 38.630891634354775], [-88.0118579287645, 38.63084302695633], [-88.01156479321592, 38.63076273969486], [-88.01113066259194, 38.630572899016244], [-88.0106022672536, 38.63043220168533], [-88.01001921482013, 38.63021348287156], [-88.00950771679231, 38.63010476321706], [-88.00907924914786, 38.629897697521116], [-88.00822261120135, 38.629636808222756], [-88.00773808508994, 38.62941799856029], [-88.00728809920118, 38.62923069120429], [-88.00681132105906, 38.628979517565945], [-88.00631880802646, 38.62872470717368], [-88.00612887812426, 38.628391696541556], [-88.00611907301293, 38.62802441236116], [-88.0061396956369, 38.62763477667079], [-88.00627616050835, 38.62734116406861], [-88.0064755676368, 38.62706769857009], [-88.00667872972313, 38.62669904332679], [-88.00685140478538, 38.62627477740094], [-88.00693610334025, 38.62593357032032], [-88.0069746680154, 38.6255282885248], [-88.00702694008346, 38.62530536708611], [-88.00659841315021, 38.62510381355168], [-88.00645136881967, 38.62424342070159], [-88.00608074639133, 38.623142701699535], [-88.00579267734096, 38.62209163262274], [-88.00540736296615, 38.62061665651206], [-88.00527682787389, 38.61997402847271], [-88.00489816013386, 38.61897585965159], [-88.00468957312151, 38.61709402166788], [-88.00457745708586, 38.61559284827656], [-88.00484382912717, 38.61353127180727], [-88.00513589208728, 38.612052659122945], [-88.00514840921245, 38.61081335889107], [-88.00543921992107, 38.60972122368065], [-88.00643670472097, 38.60848913591772], [-88.00760376359875, 38.6077147521147], [-88.00871923582302, 38.607704290560896], [-88.01044526689476, 38.60793364975764], [-88.01184943339685, 38.6080787266138], [-88.0134801271658, 38.60816047480449], [-88.01460993380707, 38.607645014243616], [-88.01544881026378, 38.606747606852146], [-88.01532873605301, 38.604463138885066], [-88.01520493652876, 38.60284800218835], [-88.01523342749631, 38.60143295651863], [-88.01528927755415, 38.59989128257212], [-88.01533854026601, 38.598083086177304], [-88.0155840516298, 38.59630919248406], [-88.01595616346489, 38.59470186292813], [-88.01634007736618, 38.59320232949011], [-88.01687777116601, 38.59141767572283], [-88.01735427981352, 38.58969849968848], [-88.01784253123843, 38.58792424713644], [-88.01861396487857, 38.586556678207295], [-88.01925584708168, 38.58565396539252], [-88.02037421008454, 38.584755276076116], [-88.02156272701951, 38.58386439461714], [-88.02297052900354, 38.582504932075345], [-88.02436495058141, 38.58160353065731], [-88.02574891217613, 38.58119058984669], [-88.02656120299199, 38.58119544721106], [-88.0280603798101, 38.58131674287404], [-88.02929905328065, 38.58094600142688], [-88.02973920351533, 38.580430721119406], [-88.0297807488006, 38.580337824822664], [-88.02991959780081, 38.5798502003345], [-88.02995112866728, 38.579506579324736], [-88.02986842616897, 38.57882061891179], [-88.02999088450849, 38.57848671298781], [-88.03007892030466, 38.57824650732265], [-88.02992007480623, 38.577332320242874], [-88.02980298030725, 38.576789710119826], [-88.02961546507653, 38.57641941513233], [-88.02917322715712, 38.5760799668442], [-88.02912536491876, 38.575279237998764], [-88.02944761756065, 38.57487580434944], [-88.02969661618435, 38.57444450391811], [-88.02924254745263, 38.57327535944203], [-88.02868896964195, 38.57279381332807], [-88.02841210617645, 38.572314442590866], [-88.0284571072806, 38.571966530841856], [-88.02936363406472, 38.57117754341324], [-88.03035915065587, 38.57017713875523], [-88.03144532702208, 38.56912475935822], [-88.03247908040326, 38.56830492671713], [-88.03328505516438, 38.567366272464646], [-88.03351578385185, 38.56644099963453], [-88.03294721495573, 38.565569728581636], [-88.03276235155171, 38.56467571880077], [-88.03346371929462, 38.563776463569], [-88.03410369437438, 38.56311655013353], [-88.03406056985085, 38.562172620354794], [-88.03387448473806, 38.5610916014737], [-88.03419497847861, 38.55983275045233], [-88.03429559158705, 38.55858075513725], [-88.03429293886202, 38.557390957070304], [-88.033571603367, 38.556432186015236], [-88.03293207474991, 38.55567732265187], [-88.03225422130788, 38.55457898791047], [-88.03163850433404, 38.55361673075276], [-88.0312720554785, 38.552507845054336], [-88.03087458060969, 38.55137097605536], [-88.03013938770304, 38.55057212512968], [-88.02955034350664, 38.54951837391451], [-88.0291894372564, 38.54831847203087], [-88.02923488661989, 38.54685875448583], [-88.02921101478954, 38.545353975074185], [-88.02953046558603, 38.543906059350775], [-88.03010770681793, 38.542571957572186], [-88.03042629343514, 38.54149972956701], [-88.03045180469088, 38.540249224270205], [-88.03052344982638, 38.53922432139046], [-88.03045651276129, 38.53819152221549], [-88.03041633920348, 38.53714257007855], [-88.03134125450146, 38.5361751566336], [-88.03207793861147, 38.535456473248644], [-88.03278806852167, 38.53490572602739], [-88.03346014040653, 38.53432970713498], [-88.03423082934327, 38.5336695255015], [-88.03444218675996, 38.53349303582352], [-88.03465434906715, 38.53250020120169], [-88.03466275460325, 38.53142207198345], [-88.03441047712874, 38.530216508425674], [-88.03421056335048, 38.529108219734795], [-88.03440278844823, 38.528462820344664], [-88.0353597403642, 38.52805080258959], [-88.03651845568963, 38.52719771198822], [-88.03797021673209, 38.526141785462045], [-88.03888702473465, 38.52526356955538], [-88.03993523200876, 38.52479239540105], [-88.04110110061879, 38.52425112592752], [-88.04278686830116, 38.523127071446226], [-88.04380649567452, 38.52199774165674], [-88.0441683262912, 38.521258584038534], [-88.0446954684797, 38.52036877580572], [-88.04580709591454, 38.519976517570264], [-88.04700994816483, 38.51967023879368], [-88.04953781186592, 38.519549688117365], [-88.05052575925245, 38.520014663867514], [-88.051826064338, 38.520657351611824], [-88.05317017936166, 38.52062841269581], [-88.05429414425862, 38.5203899647221], [-88.0554511006827, 38.52024563285217], [-88.05650312310183, 38.519777586498904], [-88.05773407914577, 38.51947726905704], [-88.05869383290711, 38.51964431043504], [-88.05936748403025, 38.52023997014074], [-88.05987489921512, 38.52109929010975], [-88.05995104401185, 38.52122830438062], [-88.06044540577734, 38.52146615639757], [-88.06128380522864, 38.52151580775319], [-88.06245029816778, 38.52098887162941], [-88.06310833207971, 38.5198588574645], [-88.06312827108574, 38.51982461463223], [-88.06331283624908, 38.518365910093806], [-88.06333557530388, 38.51818596280544], [-88.06377554677383, 38.51682867520045], [-88.06463665563552, 38.51596104056961], [-88.06548018087382, 38.515310276983044], [-88.06570405541568, 38.5150092436441], [-88.06609699918221, 38.51449065306802], [-88.06674692849364, 38.51411275871496], [-88.06761575568024, 38.513761509115135], [-88.06815663849932, 38.513496714902075], [-88.06834513828359, 38.51337902733539], [-88.06938297450776, 38.512627471228946], [-88.06976405691927, 38.51175774892043], [-88.06942773755836, 38.5109596136564], [-88.06879399049845, 38.5103178206183], [-88.06876129811033, 38.509323465644364], [-88.06896904968946, 38.508275228640734], [-88.06879852070243, 38.50716130668384], [-88.06862650141036, 38.50670226176736], [-88.06860328624848, 38.506656634504274], [-88.06830523242374, 38.50620155251823], [-88.06796655857846, 38.505460696704155], [-88.06795809465186, 38.50488855105195], [-88.06776128006132, 38.503888892260456], [-88.06775073024662, 38.503173695282065], [-88.06796071683416, 38.50259952579213], [-88.06850213594748, 38.502279834945675], [-88.0690448657028, 38.502046005426315], [-88.06969640479521, 38.50178252353608], [-88.0697735036028, 38.50172413981581], [-88.0702832723737, 38.501063154317144], [-88.070609369805, 38.500436381077606], [-88.07066867568174, 38.5000114605018], [-88.0701605157935, 38.499860391415034], [-88.0695958222295, 38.499721303779765], [-88.06894374684285, 38.49970628421134], [-88.06811196348363, 38.49963168828737], [-88.06760052564292, 38.49969430454954], [-88.06709630037561, 38.49974803725397], [-88.06636855809596, 38.49973683163681], [-88.06554282399186, 38.49963064569023], [-88.0648510520528, 38.49958409508298], [-88.0641755225524, 38.49922596078272], [-88.0637648765849, 38.49904142403076], [-88.06317854530063, 38.49892611863927], [-88.06250847037064, 38.498782114945264], [-88.06183043636723, 38.4986021981548], [-88.061159377782, 38.49842788347452], [-88.06032476293299, 38.4981763211612], [-88.05956525173332, 38.497726843745], [-88.05907542017182, 38.4971770500979], [-88.05846950830932, 38.49648045069512], [-88.05793604647279, 38.4957683249871], [-88.05743679877048, 38.49524523396117], [-88.05673611644212, 38.49454043833033], [-88.05602053106323, 38.493650928455054], [-88.05535307921386, 38.49266017947718], [-88.05505749845108, 38.492149487649684], [-88.05486771766921, 38.491775170192106], [-88.05447575755792, 38.490954741921605], [-88.05427202863464, 38.4904267039343], [-88.05402884211082, 38.489633754105476], [-88.05393249061007, 38.48887722159368], [-88.05378744323441, 38.4880979801058], [-88.05381232746608, 38.48756681325999], [-88.05368507212295, 38.4870748961377], [-88.05334493761703, 38.486290885999814], [-88.05287346402669, 38.485708876626234], [-88.05241805500856, 38.48533911883029], [-88.0518305020155, 38.4852044127594], [-88.05091282893532, 38.485054179637515], [-88.05005645958508, 38.48491375058726], [-88.04939523306065, 38.48455013239254], [-88.04859253894695, 38.48414669812039], [-88.04770520466886, 38.483605786894486], [-88.04679668003153, 38.48292134602883], [-88.04610779887106, 38.482464357496255], [-88.04543557696753, 38.48182375633901], [-88.04484242208038, 38.48125858516177], [-88.04356086124155, 38.480590326970265], [-88.04274111800208, 38.480017883929314], [-88.04192238896054, 38.4794034493132], [-88.04104363718669, 38.478502405825466], [-88.04028933980891, 38.4776912161949], [-88.03975614656866, 38.477118505399304], [-88.03903257606518, 38.476793868009345], [-88.03823992242141, 38.47641594535311], [-88.03814395899288, 38.47608752335868], [-88.03831755842153, 38.47573251783761], [-88.03860190215842, 38.47530184510054], [-88.03871035306771, 38.47472621220186], [-88.03868272627946, 38.47410599651815], [-88.03894003970944, 38.47362740059879], [-88.03943067526312, 38.473016363975184], [-88.03980087907655, 38.47244356329466], [-88.04019206484006, 38.47179872992044], [-88.04024704982028, 38.471724522163925], [-88.04031395634266, 38.47148902440179], [-88.0404893425204, 38.47102965160731], [-88.04077347874644, 38.47054071339808], [-88.04120152957259, 38.46993605436477], [-88.0415741184131, 38.469604265573494], [-88.04174986301865, 38.46935133312658], [-88.04239642454607, 38.46844736823972], [-88.04272094094247, 38.46748251814247], [-88.04296678108966, 38.46665088461938], [-88.0431430314467, 38.4657851263138], [-88.04320102757977, 38.46493984399959], [-88.04299193391759, 38.46409360643671], [-88.04255348149877, 38.46344066784072], [-88.0418914824232, 38.46303407397435], [-88.04101943567463, 38.46290094683498], [-88.0404632060372, 38.46279139363267], [-88.03988277488773, 38.46250788394374], [-88.03899150688703, 38.46198583731933], [-88.03817310483227, 38.461506138205394], [-88.0377930357204, 38.46110896332582], [-88.03753637895888, 38.46084074199219], [-88.03739290992317, 38.460274408878426], [-88.03746214128547, 38.45977983931378], [-88.03771280808068, 38.459187130616705], [-88.03804212327732, 38.45860717591274], [-88.03830065931439, 38.45789662943109], [-88.03829034755324, 38.45726240619117], [-88.03850262933636, 38.45657322790643], [-88.03887241633149, 38.45606539530497], [-88.03935768804459, 38.45565492881418], [-88.04009437125629, 38.45539257871235], [-88.04088446110823, 38.45533291368249], [-88.04148634941659, 38.455127337815696], [-88.04205727189877, 38.454811015620116], [-88.04258024320941, 38.4546736566991], [-88.04315527997562, 38.454597005750415], [-88.04354840160856, 38.454521993107804], [-88.04393943825173, 38.45430389941403], [-88.04363146073804, 38.45397282519612], [-88.04303985454644, 38.4538328435157], [-88.04285275523569, 38.45339734141987], [-88.04294272959622, 38.45290351753892], [-88.04299428660534, 38.452718862176454], [-88.042906757459, 38.45230383488813], [-88.0427645406748, 38.451662071609846], [-88.0428970421792, 38.45098737639392], [-88.04303070520527, 38.45025820390432], [-88.04274212950507, 38.44955853394056], [-88.04257198769196, 38.44906593184147], [-88.04247241842586, 38.44847700735951], [-88.04254704327315, 38.44795382851719], [-88.04241531611652, 38.447426564636665], [-88.04314085303214, 38.44727704709687], [-88.04374751049635, 38.44729549469957], [-88.04438137613386, 38.44709909689336], [-88.04504558057349, 38.446902431204855], [-88.04576730414071, 38.446490622274375], [-88.0464284093926, 38.44607938087339], [-88.04757141767529, 38.44544923994267], [-88.04835235818605, 38.4449415274521], [-88.04912239135265, 38.44434017589622], [-88.04969298594978, 38.44376606325836], [-88.05033808681655, 38.44356755073812], [-88.05080848692013, 38.44349370020098], [-88.05130618682519, 38.443208372603635], [-88.0514715298381, 38.442694402118576], [-88.05149307682848, 38.442003941344886], [-88.05173298539982, 38.44144949966804], [-88.0516771362403, 38.44059578160531], [-88.05150258280082, 38.43987575736361], [-88.05115842563906, 38.439036850961834], [-88.0509421508445, 38.438463245675656], [-88.0505062909636, 38.43781149856752], [-88.04999801249775, 38.43715364218632], [-88.04992910902052, 38.4365820041114], [-88.05000829371619, 38.435770605433014], [-88.05023210896923, 38.43511862010281], [-88.05011775792512, 38.434705708847495], [-88.05016606752449, 38.43423688865003], [-88.05035206370407, 38.43338877382658], [-88.0505413081917, 38.43255448774392], [-88.05048742634264, 38.43193519579259], [-88.05002411933654, 38.431589518595665], [-88.04962360546712, 38.4312639873595], [-88.04939272676098, 38.43088540814133], [-88.04912769410777, 38.43045944354167], [-88.0484644733234, 38.43019125253628], [-88.04804116111038, 38.43003660794415], [-88.04729461260025, 38.42963758500053], [-88.04667049188693, 38.42909163584787], [-88.04680957983902, 38.42881658972228], [-88.04716306510669, 38.42870173076377], [-88.0474226135451, 38.42854285570139], [-88.0474513129218, 38.42834437239488], [-88.04742917034837, 38.427719923969086], [-88.04736429042528, 38.42712530870763], [-88.0471319807029, 38.4261418308931], [-88.04698410183747, 38.425151172606576], [-88.04683929161703, 38.424351098572274], [-88.04647343834452, 38.42337689112336], [-88.04618584540127, 38.422522457556546], [-88.04579355830322, 38.421807529398045], [-88.04528057086864, 38.421240898399226], [-88.04476218905079, 38.420681061686615], [-88.0441170872857, 38.420222523141646], [-88.04373976073038, 38.41996833863643], [-88.04313009391, 38.419411422745895], [-88.04264401730639, 38.41898671013012], [-88.0422954799593, 38.418867560536015], [-88.04163577518095, 38.41868776244818], [-88.04110121111157, 38.41839909781473], [-88.04071971008513, 38.417760224962514], [-88.04059996465776, 38.41710955085458], [-88.04044982113948, 38.416653188440534], [-88.03999161027599, 38.41624120062335], [-88.03979291730818, 38.41575798576633], [-88.03974961491822, 38.415062697253525], [-88.04027309198037, 38.414291144694005], [-88.0407892693325, 38.41353330095405], [-88.04139687901092, 38.41276764957749], [-88.0418672198257, 38.412019521796914], [-88.04204117588552, 38.41109350358386], [-88.04229816143041, 38.41022652405173], [-88.04261442320765, 38.40921390148254], [-88.04292463572978, 38.40815415952652], [-88.04340326170642, 38.40743088767225], [-88.04395025306944, 38.40662902577206], [-88.04403635209785, 38.406487733059926], [-88.04410760916113, 38.40641841176979], [-88.0447910070051, 38.405897289186534], [-88.04521989236613, 38.40537843027333], [-88.04597308571444, 38.40465637946244], [-88.04644289023497, 38.40389555615995], [-88.04659962020092, 38.4037636208678], [-88.04719846861033, 38.403130142686614], [-88.04758017714761, 38.40247592182644], [-88.04712846200194, 38.402084677010734], [-88.04690813400882, 38.40178826344286], [-88.04691409433075, 38.4017740478442], [-88.04669284197121, 38.40161698898193], [-88.04675980778238, 38.40121578999931], [-88.04726588088421, 38.40101098929309], [-88.04766290839201, 38.40080714121717], [-88.04788514350847, 38.40074664189189], [-88.04808356788, 38.400578288667404], [-88.0482549008592, 38.400175599179434], [-88.04793723860843, 38.39966237349019], [-88.04759924927941, 38.399112282778475], [-88.04729636790832, 38.398562608179525], [-88.04682683288235, 38.398012219041746], [-88.04647376443299, 38.39751583101798], [-88.0460118579004, 38.39647534265763], [-88.04599770224816, 38.396272537148], [-88.04574032863106, 38.396074560797985], [-88.0451223479027, 38.39608007485504], [-88.04478927684987, 38.39622506229968], [-88.04395823909232, 38.39595213341633], [-88.0435897932819, 38.39595436875352], [-88.04361631693898, 38.395683853021545], [-88.04365505948056, 38.39533129134966], [-88.04400744251537, 38.394738105576096], [-88.04425635130755, 38.39422994642432], [-88.04455345112147, 38.3938536908529], [-88.0450231954549, 38.3934408992607], [-88.0457248910829, 38.393095996802074], [-88.04656448170026, 38.39287027409004], [-88.04725795325183, 38.39275604163704], [-88.04802762799062, 38.39269110201413], [-88.04876615993516, 38.3926036621849], [-88.04971756924584, 38.39240005302362], [-88.05068283596809, 38.39220347704592], [-88.05146666815577, 38.39213177282634], [-88.05194696230389, 38.39232301349179], [-88.05225943947883, 38.39248585400789], [-88.0526715164626, 38.39249309543928], [-88.05277883459634, 38.39197873726243], [-88.05271729281286, 38.39118274644362], [-88.05265855197642, 38.3904432619242], [-88.05282356800254, 38.38974111903353], [-88.0532711095754, 38.38912200503425], [-88.053753071895, 38.38853364784167], [-88.05425241122546, 38.38812797832454], [-88.0549475500502, 38.387755121489654], [-88.05572497365664, 38.38747593334732], [-88.05623822878917, 38.38716160810755], [-88.0562754226352, 38.386969949621175], [-88.05622451959962, 38.386827374282376], [-88.05601474142121, 38.38623961313416], [-88.05570339702183, 38.38576024298176], [-88.05529579005491, 38.38518428242962], [-88.05513893971474, 38.38469990579797], [-88.05505933820078, 38.38412385652806], [-88.05519744249762, 38.38353669166564], [-88.05536060979088, 38.38301342189977], [-88.05547570643665, 38.382436985281664], [-88.05580040249609, 38.38199036736175], [-88.05617442235285, 38.381534631028075], [-88.05672421556125, 38.38088410469899], [-88.05712657636688, 38.38032641369625], [-88.05726053853195, 38.37985732510883], [-88.05732881498513, 38.3792526366641], [-88.0574709122934, 38.378466361245145], [-88.05727120692426, 38.37793164786807], [-88.05677660800356, 38.3776718907095], [-88.05606477937916, 38.377572529958904], [-88.05517935222443, 38.37729891448017], [-88.05459853390107, 38.37687837413033], [-88.05401542128047, 38.37639834756519], [-88.05360718908612, 38.375944011944036], [-88.05327766458201, 38.375391506231765], [-88.05306800587955, 38.375286870375874], [-88.05246120019332, 38.37467729355773], [-88.05146586236695, 38.373597674642944], [-88.05121814384252, 38.372142933856544], [-88.05044441680347, 38.37068443742961], [-88.04963894869218, 38.36923660997462], [-88.04952021656445, 38.36834474661288], [-88.05004133914223, 38.36685519595469], [-88.05019911295054, 38.36622130005077], [-88.05014132702324, 38.366020134618914], [-88.05013634945826, 38.365676811535266], [-88.05037187694596, 38.36543276013792], [-88.05038698750735, 38.36541705546004], [-88.05038203958678, 38.36507373233309], [-88.05022119623514, 38.36494996211448], [-88.0501378694077, 38.36468284440711], [-88.04940601284405, 38.3639327194611], [-88.04892166549736, 38.3629118716597], [-88.04873605649168, 38.36185874627113], [-88.04863523497407, 38.36129613785598], [-88.04805873934387, 38.36058317723163], [-88.04769410778015, 38.35949005746859], [-88.04716356636662, 38.35839795104536], [-88.0466963552823, 38.35749604367736], [-88.04645951535595, 38.3565211197015], [-88.04542159019856, 38.35617371447346], [-88.04454671285853, 38.35573985166262], [-88.0439208637866, 38.35504495032705], [-88.04411502655043, 38.354548146257905], [-88.04513334238347, 38.35396062303737], [-88.0465015071039, 38.35297765300075], [-88.04686852279639, 38.35191048950499], [-88.04713397136958, 38.35083173634201], [-88.04712151443152, 38.35065324987355], [-88.04733290328923, 38.35019354927633], [-88.04766644955087, 38.349652993864495], [-88.04768796779518, 38.349618125637306], [-88.0476421312578, 38.34938444524111], [-88.0475766853961, 38.34905074915384], [-88.04757033700199, 38.3490182942538], [-88.04668645944112, 38.34819640506343], [-88.04598962190218, 38.347744810490354], [-88.04584734493085, 38.34769653164741], [-88.04533242072851, 38.34752176997027], [-88.04415880504749, 38.34675966576223], [-88.04312883716689, 38.34588183730476], [-88.04228349284014, 38.34520261313769], [-88.0416862542117, 38.34409202863252], [-88.0417103048068, 38.34323339448368], [-88.04155759749672, 38.342719721097474], [-88.04156206841189, 38.342688816214206], [-88.04143963971676, 38.342468667154606], [-88.04101713149592, 38.34134896369755], [-88.04102637066862, 38.34020413643322], [-88.04127969108717, 38.33878021098275], [-88.04145802733231, 38.33725027867126], [-88.04149545923187, 38.33711217550898], [-88.0414360626253, 38.33676924028558], [-88.04146377924508, 38.33616812647562], [-88.04156334940949, 38.33550913773221], [-88.04202775864843, 38.33516375829439], [-88.04203061978262, 38.335161582382185], [-88.04220567807529, 38.334702239363686], [-88.04218845198139, 38.334587709320346], [-88.04208524723335, 38.33390216638155], [-88.04193382181916, 38.33347429426955], [-88.04195989811524, 38.332758739981514], [-88.0425002149957, 38.33243919934666], [-88.04304213986052, 38.332234070045], [-88.04329215268218, 38.33199225457494], [-88.04291616551497, 38.33087413045743], [-88.04232733062602, 38.32983265832829], [-88.04210980357996, 38.328635290734404], [-88.04238583340889, 38.32747165825017], [-88.04306082571674, 38.32676912775243], [-88.04339380693806, 38.32581908910655], [-88.04342667898925, 38.32428537211353], [-88.04290123371831, 38.323027058201305], [-88.04271461141299, 38.321291459637905], [-88.04312832782215, 38.320679826227526], [-88.04321150552924, 38.32058308866258], [-88.04405622373025, 38.319600892720366], [-88.04432924240635, 38.31875456653544], [-88.04415933864676, 38.31728137777806], [-88.04412745025081, 38.31592176588813], [-88.04405926273085, 38.3157514158817], [-88.04408694880792, 38.31515030253544], [-88.04440511860682, 38.3145465671526], [-88.04479678047743, 38.313999426166234], [-88.04537363453545, 38.313708138945856], [-88.0455565908161, 38.31343309302969], [-88.04559846308813, 38.31293539388264], [-88.0454949600994, 38.31207628198642], [-88.04527025012435, 38.3111465984024], [-88.04535792839101, 38.310191613307225], [-88.04562394380116, 38.30968884706973], [-88.04505474877925, 38.3085819884988], [-88.04458753859326, 38.30765620968696], [-88.04417325624546, 38.30691600925182], [-88.04347605938041, 38.306116204064814], [-88.04355625737571, 38.30537630160478], [-88.04412223373396, 38.30475131720217], [-88.04477931633, 38.304149368965696], [-88.04524700352142, 38.303000638699594], [-88.04587315083401, 38.302351276269995], [-88.04694117673994, 38.301656524094035], [-88.04764197854422, 38.30139685635979], [-88.04845462868622, 38.30158362761578], [-88.04981149888859, 38.30162910605972], [-88.05057479558886, 38.30174476817731], [-88.05125479600443, 38.302040883760554], [-88.05178274398175, 38.30196396447607], [-88.0527281633261, 38.30173624521461], [-88.05373801523253, 38.30204907958759], [-88.05484082121129, 38.30235816014311], [-88.05633281510038, 38.30213148263397], [-88.05638452212813, 38.30195618597434], [-88.05641885483999, 38.30183986717226], [-88.05618249191905, 38.301528790776665], [-88.05599473773647, 38.3011013063502], [-88.05584122553587, 38.30053041284336], [-88.0556844057384, 38.29973063735455], [-88.05520372351808, 38.29913408430107], [-88.05501635650938, 38.29873518011919], [-88.05504317840713, 38.298076846514], [-88.05521349898501, 38.29730273075992], [-88.05526872291709, 38.29610047526474], [-88.05540977728133, 38.29581309175035], [-88.05543984748715, 38.29538361086564], [-88.0556518615723, 38.294981100304774], [-88.055608110923, 38.294466444056134], [-88.05519841806802, 38.29375479348052], [-88.05492897558506, 38.29269853911213], [-88.05411379219397, 38.2915613131758], [-88.05358655927562, 38.29024983169206], [-88.05360795714569, 38.28921956496734], [-88.05377744229035, 38.28838822910258], [-88.05392818318828, 38.28830132536835], [-88.0542815193356, 38.2880975970042], [-88.05431722287658, 38.28806877846797], [-88.05453272332335, 38.28789503006351], [-88.05510933842949, 38.28760371275117], [-88.05561338583037, 38.287313050717536], [-88.05608155002719, 38.287051296724734], [-88.05647669915776, 38.286761617510926], [-88.05636157286757, 38.28633344744311], [-88.05628358023628, 38.285962170439426], [-88.0565186316169, 38.28556138945199], [-88.05666904373145, 38.2850578193122], [-88.05774890134796, 38.284752374016456], [-88.05920209250834, 38.284870779172714], [-88.06008862459089, 38.28433502287558], [-88.06066595295935, 38.28288642072061], [-88.06090174904335, 38.28117055160815], [-88.06109907028372, 38.27988946921127], [-88.0610163093949, 38.279038820905306], [-88.06133498584363, 38.278169606300004], [-88.06180478946587, 38.277448629088504], [-88.06251068741275, 38.276832793184], [-88.06365035755583, 38.276439312856525], [-88.0649741778406, 38.275950405640806], [-88.06545178961929, 38.27551687141392], [-88.06614043272619, 38.27503371610173], [-88.06594397476681, 38.27401018414595], [-88.06547882082448, 38.27322754560432], [-88.06500427769082, 38.271801176999986], [-88.06470842923008, 38.270182434073625], [-88.06499259510055, 38.269379260429204], [-88.06473468608752, 38.2693153646874], [-88.06379346906206, 38.269093992734376], [-88.06204055500714, 38.26882964603527], [-88.06058539563796, 38.26812622235165], [-88.05930794998143, 38.266945751930685], [-88.05869679285598, 38.26581204123331], [-88.05879233856793, 38.26480439568197], [-88.05829410326693, 38.26377856901033], [-88.05780680495454, 38.26304406094631], [-88.05686129667697, 38.2628660819929], [-88.0557678188041, 38.26220989386492], [-88.05375538685348, 38.26153031180946], [-88.05481906221847, 38.260882168904594], [-88.05500720447326, 38.2604790043147], [-88.05496059448643, 38.25976407633886], [-88.05484469115352, 38.25927865637922], [-88.05436597714201, 38.25879654350985], [-88.05388636840843, 38.25825721110465], [-88.05366085354288, 38.25771558430342], [-88.05354414801444, 38.257172972263675], [-88.05354161476532, 38.25715747549259], [-88.05338759591493, 38.25700312975786], [-88.05321989841768, 38.25586009080201], [-88.05366034689305, 38.25495004734691], [-88.05440629892183, 38.25408104034125], [-88.05454449394851, 38.25372028351285], [-88.05421359681866, 38.25327548419598], [-88.05386812811659, 38.25315660214476], [-88.05362813061203, 38.253074020752166], [-88.05348424475802, 38.25302451843009], [-88.05282951754467, 38.252915948707205], [-88.05213357382944, 38.252464353918626], [-88.05180044348779, 38.25200954021061], [-88.05153740778945, 38.25138238060641], [-88.05192865284175, 38.250835238819306], [-88.05235867008007, 38.2504594022405], [-88.05271445054328, 38.249969779761294], [-88.05270577730921, 38.249368965205704], [-88.05280472134788, 38.248681335625406], [-88.05290157860013, 38.24785068556456], [-88.05300132752927, 38.24722027727468], [-88.05329932116689, 38.246904461534115], [-88.05351684821295, 38.246511666376065], [-88.05379845029157, 38.24608999368534], [-88.05408151303087, 38.24576771132963], [-88.05425916386146, 38.24529230497832], [-88.05408809858021, 38.244830547183604], [-88.05364166013852, 38.24474632518384], [-88.05319545975038, 38.244735269085766], [-88.05274195785562, 38.24465235852637], [-88.0525359939239, 38.24436131009313], [-88.05240292648085, 38.244101552405624], [-88.05236132190677, 38.24377122321481], [-88.05222172820321, 38.24347889284162], [-88.05221430722065, 38.242963908204395], [-88.0518415989042, 38.24228051122465], [-88.0513284030605, 38.24191313782108], [-88.05084733366627, 38.24125933431223], [-88.05047635460676, 38.24069037825142], [-88.05010370557913, 38.24000698106675], [-88.05038402576186, 38.23931774242878], [-88.05106584436757, 38.238796589142915], [-88.05145702923276, 38.23863792158921], [-88.05147342079177, 38.238618610068], [-88.05183972142527, 38.23833608340845], [-88.05210219028666, 38.23816546519773], [-88.05254397994676, 38.23830619170033], [-88.05305345047698, 38.23856371367198], [-88.05353311939768, 38.23873528558643], [-88.05393565986638, 38.2386742211672], [-88.05417223029815, 38.238638338582554], [-88.05442912601153, 38.238484856652285], [-88.05479539700063, 38.238116082548224], [-88.05508307977543, 38.23756205742678], [-88.05533899183357, 38.23728301789958], [-88.05541236532765, 38.237066146662656], [-88.05517552629964, 38.236985679982624], [-88.05484492830875, 38.23670249853969], [-88.0549125202457, 38.23635852057808], [-88.05530656714338, 38.23601162051935], [-88.05562598739716, 38.23552232690762], [-88.05626855591316, 38.23480119948235], [-88.0570249086363, 38.23442241168317], [-88.05763490424009, 38.233959075531864], [-88.05788092135538, 38.23341321596214], [-88.05754659894934, 38.232872571828715], [-88.05715586054684, 38.23246413037346], [-88.05668048377659, 38.23226794172675], [-88.05607898354043, 38.23206245508774], [-88.055519802039, 38.23184296024151], [-88.05519546350905, 38.231607074818186], [-88.0549844025364, 38.23113524451903], [-88.05511955676586, 38.23050489592019], [-88.0552978040778, 38.22999375624517], [-88.05536935938174, 38.22965520200476], [-88.0554898504108, 38.228969450735704], [-88.05534882569098, 38.22866960898384], [-88.05502547081626, 38.228386843964515], [-88.05476481924667, 38.228117938001006], [-88.05451111165424, 38.22767662544133], [-88.05430705574419, 38.22738012187997], [-88.0542534712375, 38.22690885764138], [-88.05469564807149, 38.226503098896025], [-88.05505047452387, 38.226350868654876], [-88.0554425837555, 38.22643508938113], [-88.0558189868427, 38.22642874169144], [-88.05633131850712, 38.22610112464201], [-88.05690766681363, 38.22563561202958], [-88.05745242316821, 38.224999987906955], [-88.05728716908855, 38.2246860509219], [-88.05690367290387, 38.224260383642694], [-88.0565169275128, 38.22382088889294], [-88.05617792668077, 38.223444098256], [-88.05580366787215, 38.22280468993609], [-88.0552155794832, 38.22218676836444], [-88.05478672286824, 38.221668803629214], [-88.05450717793161, 38.2212210240509], [-88.05434740716844, 38.22061260956088], [-88.05409289558382, 38.220233493795995], [-88.05373687706705, 38.21985992187591], [-88.05308313261061, 38.22015734886544], [-88.05226383673214, 38.22051476821015], [-88.05170897702556, 38.220747226510376], [-88.05069623434055, 38.22125616079232], [-88.04972706174344, 38.221660787160914], [-88.04895410905218, 38.22183879644606], [-88.04824466455653, 38.22198450032673], [-88.04756809211209, 38.2222437505624], [-88.04696599539459, 38.22265022467905], [-88.04652182160572, 38.222429389477206], [-88.04620120838926, 38.2219506441393], [-88.04593671382689, 38.22146152904975], [-88.04553381493038, 38.22087966810543], [-88.04499400559806, 38.220522398760416], [-88.04462150569077, 38.220305913696684], [-88.04421386997777, 38.2199978777256], [-88.04390830623726, 38.219349617122624], [-88.04367760629587, 38.2187202208042], [-88.0435321412036, 38.218116068729564], [-88.04333771074182, 38.217507177283395], [-88.04299075173468, 38.21691500498315], [-88.04292223543133, 38.216511928950325], [-88.04293773406494, 38.21610441125888], [-88.04294077306554, 38.215280794277], [-88.042602129763, 38.21481021604445], [-88.04201874854613, 38.21433239529373], [-88.0415159542951, 38.21384456086054], [-88.04115838528612, 38.213461333034346], [-88.04085294102154, 38.21298842935402], [-88.04064504032208, 38.2123188608895], [-88.04019088175883, 38.21228962408444], [-88.03997782562796, 38.21194275533878], [-88.03968680561188, 38.21144043665549], [-88.03893343260054, 38.21142389679111], [-88.0384008349433, 38.211379849052214], [-88.03854701509454, 38.21098171994939], [-88.03899375177691, 38.21059294816793], [-88.03907654231014, 38.20975109169278], [-88.03912848828975, 38.20915450889523], [-88.03924018750712, 38.20850970572075], [-88.03973296823769, 38.207979522428985], [-88.03978244025703, 38.20747550558732], [-88.0395945369541, 38.20694639546474], [-88.03937084027869, 38.20647474263282], [-88.03853911710657, 38.205995223846315], [-88.03805974732487, 38.205796025191816], [-88.03748661768202, 38.20555695149811], [-88.03715766001487, 38.20534866253573], [-88.03669497913452, 38.20496769897037], [-88.03657442791834, 38.20448841802875], [-88.0364556365018, 38.203404775724366], [-88.03678313440662, 38.20286183740599], [-88.03729004114504, 38.202347478632916], [-88.0379549309992, 38.20189653902099], [-88.03838721468698, 38.2017092622044], [-88.03891477549038, 38.201699605777925], [-88.03934127672267, 38.20167767109342], [-88.0396050867688, 38.2012925360096], [-88.03949708232219, 38.200890114689116], [-88.03918973183256, 38.200377604265206], [-88.03889549315282, 38.20005678254904], [-88.03874818022601, 38.19959118026281], [-88.03869262840884, 38.19853570070492], [-88.03878844271705, 38.197644164057294], [-88.03889936758664, 38.196661969472856], [-88.03897616725523, 38.196140845220405], [-88.03915212026993, 38.19577534897756], [-88.03951997049732, 38.19528703858793], [-88.03958520794987, 38.1949745011915], [-88.03913334458217, 38.19455935530917], [-88.03876478019414, 38.19418044765008], [-88.03838608191141, 38.19377868314593], [-88.03867754839015, 38.1928623508563], [-88.03918794238851, 38.192547489428094], [-88.03979880037498, 38.19202594883059], [-88.04045650730012, 38.19139548099097], [-88.04099250328407, 38.19085984319953], [-88.04110661627463, 38.19028829432971], [-88.04115808524882, 38.18983437536232], [-88.04127637091386, 38.189086515797676], [-88.04180050374616, 38.18866224869046], [-88.04228994813377, 38.187967497828524], [-88.04271483958506, 38.18740479943665], [-88.04317036807913, 38.18665094928536], [-88.04348400767404, 38.18619005698822], [-88.04380333989293, 38.185700940940215], [-88.04387438854707, 38.185245769731026], [-88.04386726580518, 38.18476404509999], [-88.04364571430665, 38.184389042751775], [-88.04343537018963, 38.18420715858837], [-88.04283842890354, 38.18419932087401], [-88.0424217040365, 38.18428756572194], [-88.04193220036008, 38.18409370088279], [-88.04198304320853, 38.18371401996192], [-88.04220608411379, 38.18326215717135], [-88.04249424209738, 38.18301512504509], [-88.04288530838495, 38.182539897470804], [-88.04246789630672, 38.18207754432635], [-88.04216561231529, 38.181742774417806], [-88.04219392451812, 38.181252437271056], [-88.04228765293823, 38.1809414496318], [-88.04197442926326, 38.1804107598389], [-88.04166049232599, 38.17981733600311], [-88.04135331880447, 38.179355637833794], [-88.04126748837234, 38.178587959793944], [-88.04155108740585, 38.177882925766745], [-88.04187328075892, 38.177286521795885], [-88.04215443547655, 38.17685918614904], [-88.04262245145135, 38.17644040402052], [-88.04321483288906, 38.17600385906411], [-88.04391962770477, 38.17533420187098], [-88.04421377655298, 38.17488820851928], [-88.04442447909783, 38.17442180269377], [-88.04416895331525, 38.173841848887285], [-88.04354277725656, 38.173377886897676], [-88.04334101474544, 38.172826841996816], [-88.04335701913054, 38.17232199073959], [-88.04317272076683, 38.171878740273335], [-88.04294327307699, 38.17132590717512], [-88.0428922523621, 38.17096091849132], [-88.04285297172967, 38.17052771085522], [-88.04281786467004, 38.16987369951219], [-88.04240951299977, 38.17012117804031], [-88.04238912932767, 38.17013202583765], [-88.04199600589808, 38.17011831707471], [-88.04141819872754, 38.170266464236065], [-88.0408403906587, 38.17041470078807], [-88.03949889871569, 38.17070610789763], [-88.03937533814329, 38.17081637663391], [-88.03917938773208, 38.170858576696524], [-88.03871110405929, 38.17106302073127], [-88.03813284862944, 38.17118258781346], [-88.03769311611133, 38.17120574497919], [-88.03700492036545, 38.1708778002668], [-88.03650337746758, 38.17056338549624], [-88.0364385271889, 38.170553759545626], [-88.03623697398524, 38.17039816149179], [-88.03578084900984, 38.17012168511838], [-88.03573224116981, 38.169896080937086], [-88.03574735083289, 38.16953818494952], [-88.0356676001986, 38.16921080620564], [-88.03537279558023, 38.16888965722476], [-88.0349465027571, 38.168689683311115], [-88.03454908897372, 38.168632880249056], [-88.03420999831017, 38.16883073698297], [-88.03385695950519, 38.16883452247945], [-88.03312388123274, 38.1687865709594], [-88.03236293811851, 38.1687354589378], [-88.03193941749633, 38.16867415638716], [-88.03146651378806, 38.16883440312329], [-88.03082728341167, 38.16901935616885], [-88.03010883959351, 38.16894115545601], [-88.0298023829276, 38.16868065318872], [-88.0297400353553, 38.168055489290566], [-88.02956846342424, 38.167485490445], [-88.02915984405601, 38.16708008905156], [-88.0287779863984, 38.16674126617614], [-88.0282602603507, 38.166381403972274], [-88.02760898985456, 38.16606120800529], [-88.02695488876694, 38.16580168918005], [-88.02695804724348, 38.165531262329175], [-88.02683469597856, 38.16501216489127], [-88.0268183942511, 38.16475663992642], [-88.02657729271705, 38.16437263815059], [-88.02559402465484, 38.1640523514303], [-88.0252281408396, 38.16370885008407], [-88.02481892499002, 38.163063928452054], [-88.02444445867057, 38.162524297248595], [-88.0240015074888, 38.16191337922406], [-88.02371808632172, 38.16154073139981], [-88.0234221498261, 38.161182328216555], [-88.0233195406611, 38.16083581640351], [-88.02326154452804, 38.16063995595133], [-88.02311786708317, 38.16015486331413], [-88.02318513203335, 38.15978230397663], [-88.02350446335392, 38.15929309754997], [-88.02382459956496, 38.158861084933065], [-88.02388825777926, 38.15823100325934], [-88.02387508488393, 38.157286865803265], [-88.02405583580057, 38.15588383248751], [-88.02410387770196, 38.155510766752535], [-88.02409466817366, 38.15484957167315], [-88.02408948309785, 38.15448079760785], [-88.02419018513952, 38.1539076388893], [-88.02439716237086, 38.15316186604229], [-88.02448624111106, 38.15175901050035], [-88.02468922443268, 38.150727105042584], [-88.0244239833703, 38.149899613487634], [-88.02413329213762, 38.14932186506559], [-88.02384856032853, 38.149017673492956], [-88.0237357283356, 38.14851994434478], [-88.02374124129649, 38.148455810312875], [-88.02341737977196, 38.147876780960225], [-88.0230306658219, 38.14767275370689], [-88.02276262291417, 38.14753131223181], [-88.02272379054108, 38.14751083773027], [-88.02268316962224, 38.14736385237097], [-88.0224948486027, 38.14668304829678], [-88.02191316699837, 38.14654500441354], [-88.02111893411633, 38.14675222026387], [-88.02061172913723, 38.14675663071371], [-88.0202870923666, 38.14634732528179], [-88.02020603019199, 38.14624510365208], [-88.02023428220768, 38.145672571145816], [-88.02026614185753, 38.145357530535286], [-88.02026870385272, 38.145329427591754], [-88.02032902392743, 38.14467025966345], [-88.02010568478148, 38.14424298361483], [-88.01985010060842, 38.14410213741833], [-88.01933970571177, 38.14387763680358], [-88.01909753158927, 38.14372805836127], [-88.01909061815485, 38.143681029965265], [-88.01907139510608, 38.14355770798033], [-88.01915201081799, 38.14346323551925], [-88.0190419213816, 38.14330793501827], [-88.0194698814779, 38.14281777593213], [-88.02004354741499, 38.1423835864755], [-88.02076571744493, 38.1422056358832], [-88.02184855477324, 38.14191008704853], [-88.02240153789921, 38.14193255759947], [-88.02269553762709, 38.141307632783665], [-88.02300694221358, 38.140925000402355], [-88.02311354528834, 38.14088283035125], [-88.02310129586114, 38.14081184059331], [-88.02309530589483, 38.140382657646164], [-88.0233062761376, 38.139923016526225], [-88.02359047075414, 38.139519939705565], [-88.02401798618439, 38.139001140376514], [-88.02487378869768, 38.13802079354663], [-88.02587169031588, 38.13683889204521], [-88.02669199949399, 38.13591606404604], [-88.02726438353515, 38.13539601248386], [-88.02720549357839, 38.13501588430115], [-88.02718472183408, 38.13488165435576], [-88.02717747871793, 38.1343666693962], [-88.02726566453275, 38.13420883762543], [-88.02735420697873, 38.13405034768158], [-88.0276013281235, 38.13359037909263], [-88.02792289624912, 38.13327280475569], [-88.02828275865699, 38.13309795509647], [-88.02855890616523, 38.13298586848197], [-88.02905550383744, 38.13261429315304], [-88.02981128972363, 38.13220671587712], [-88.03013437779873, 38.131763347327], [-88.03086748481724, 38.13144386566869], [-88.03168552934252, 38.13070563244313], [-88.03240722146876, 38.129981346901566], [-88.03322318010592, 38.12935141429986], [-88.03410985861386, 38.12886116641063], [-88.03476729873938, 38.12829691925755], [-88.03515845396018, 38.12767753650675], [-88.03585061307311, 38.127487279787104], [-88.03678211481878, 38.12775299586548], [-88.03716850268036, 38.12828467032551], [-88.03752157023143, 38.12891534703431], [-88.0376231364524, 38.12944833160146], [-88.03770872883098, 38.130084671745664], [-88.03813415657649, 38.13049802901556], [-88.03889605370158, 38.1308617370447], [-88.03933608535864, 38.13096935262856], [-88.03984037081307, 38.131372012434234], [-88.04037439858821, 38.1317721975962], [-88.04122173807323, 38.13169158202653], [-88.04223001163969, 38.131601877951496], [-88.04334250235554, 38.13154382285687], [-88.04456207315157, 38.13155338894903], [-88.04537660077253, 38.13163525607697], [-88.04621002265883, 38.13218898293921], [-88.04708597348564, 38.1320748097364], [-88.04743162005413, 38.13154459730196], [-88.04762458985525, 38.13077632324052], [-88.04854649489874, 38.13027045866605], [-88.04923936996894, 38.129769361735896], [-88.04963597886183, 38.129226601833736], [-88.05050942608396, 38.12887824227862], [-88.05133846688663, 38.12865639347728], [-88.05207828072707, 38.12835053216042], [-88.05232566867149, 38.12775344317319], [-88.05230179773943, 38.12726766543165], [-88.05222049661295, 38.12677080054808], [-88.05208951595633, 38.126312023447824], [-88.05205908732269, 38.125805443175906], [-88.05256465467302, 38.12559405573785], [-88.0531371563935, 38.125628685292426], [-88.05380642733131, 38.12590209170596], [-88.05428421877303, 38.12631676161054], [-88.05530745198394, 38.126539236555516], [-88.0560828193467, 38.12656528329258], [-88.05684885860354, 38.12662295085829], [-88.05769336749711, 38.12677828050879], [-88.05840963649395, 38.12697208577652], [-88.05947533755989, 38.127167379447314], [-88.06004506887602, 38.12680137687013], [-88.06025752942388, 38.12638405550173], [-88.0604251676323, 38.125753438190294], [-88.06081978046863, 38.125586962203286], [-88.06082541290544, 38.12558672405609], [-88.0608505657334, 38.12556893226977], [-88.0611731768031, 38.12533712914362], [-88.06153330780722, 38.12519079942841], [-88.0620025149481, 38.12507209751807], [-88.06228891672531, 38.12484059244478], [-88.06249666830443, 38.12432885662325], [-88.06249878383693, 38.124323641322235], [-88.06249923119795, 38.12431029000854], [-88.06252420615948, 38.12357944725983], [-88.06234744735596, 38.12313885024861], [-88.06194094441854, 38.122898643173734], [-88.06129208769556, 38.122473602138655], [-88.06079200456004, 38.12231004723704], [-88.06010175346877, 38.12203917432739], [-88.05955574486266, 38.12189996652411], [-88.05900040815065, 38.121699874364666], [-88.05866742692935, 38.12120953622182], [-88.05854332916442, 38.12066787946562], [-88.05858669084319, 38.12032306637555], [-88.05874950150528, 38.11985671932484], [-88.05917853598665, 38.119627777970386], [-88.06002885608177, 38.11957174943159], [-88.060724235655, 38.11957675729457], [-88.0609648871331, 38.1195336922064], [-88.06130767436404, 38.11945650417746], [-88.06177473542972, 38.1193513013542], [-88.06238419384097, 38.118916575806516], [-88.06241459193187, 38.11851570389526], [-88.0622256447866, 38.11797374799314], [-88.06207168702161, 38.11734560515806], [-88.06202462787715, 38.117278460541094], [-88.06181279345506, 38.11697596657946], [-88.06188065308993, 38.11666059924536], [-88.06238601203111, 38.11654156754713], [-88.06314731177652, 38.11659193447485], [-88.06372881551445, 38.11672973959666], [-88.06391323155742, 38.11695698252503], [-88.06400719892942, 38.1171887854005], [-88.06406346490722, 38.11732760428633], [-88.06450012878032, 38.11746672186221], [-88.06456068690858, 38.11748207027972], [-88.06504542322577, 38.11760485538344], [-88.06562609063215, 38.11768538120442], [-88.06606275540358, 38.11782452848862], [-88.0665751768995, 38.11819187222866], [-88.06715876562723, 38.118472698960744], [-88.06770739641563, 38.11883968466001], [-88.06850872149684, 38.11914718586127], [-88.06908983806088, 38.119256351610595], [-88.06956107180103, 38.11928067016614], [-88.06996110866504, 38.11939147532517], [-88.07061297474424, 38.11938554375583], [-88.0711195850386, 38.11935231480286], [-88.07216606395411, 38.11908522606673], [-88.0728154273269, 38.11890763422367], [-88.07301233085066, 38.11888069285754], [-88.07360769200015, 38.11867860296516], [-88.07401243693458, 38.11853215389443], [-88.07460329842282, 38.11851990615094], [-88.07534665791367, 38.11857298346041], [-88.07551247793198, 38.11794773070112], [-88.07562277667583, 38.11730316634663], [-88.0757966725485, 38.11671254356597], [-88.07579282865743, 38.1160969765726], [-88.0756387505182, 38.11557013032187], [-88.07547966516961, 38.11494094411424], [-88.07568849023548, 38.11444330411603], [-88.07638741456081, 38.114263715645585], [-88.07730756160129, 38.11402878446552], [-88.07778764734027, 38.11414227204495], [-88.07864792166706, 38.11429345826062], [-88.07929507877752, 38.114259692666536], [-88.08008397656509, 38.11412540264374], [-88.08058605575718, 38.11346262885904], [-88.08097420162174, 38.11272666072084], [-88.08122206746991, 38.11210644402977], [-88.08134288638405, 38.11137142913627], [-88.08136827816385, 38.11122936175238], [-88.0814388803553, 38.11083439192446], [-88.08241466814614, 38.11043352088464], [-88.08300755533534, 38.11004260318536], [-88.08394102349317, 38.10957005738007], [-88.08486835256434, 38.10905251043654], [-88.08545393914521, 38.108587564453025], [-88.08553768279094, 38.10805240392661], [-88.08550409657911, 38.10744196277888], [-88.0861661252991, 38.10690879919037], [-88.08662520034191, 38.10657155513965], [-88.08722521027299, 38.10599270523582], [-88.08769975340667, 38.10557895900037], [-88.08809087808473, 38.10523050994692], [-88.08839304439685, 38.104603975917684], [-88.08843560208345, 38.104212016190964], [-88.08821673385269, 38.10360419729087], [-88.08787001379741, 38.10319384966211], [-88.08765713553295, 38.10290941631342], [-88.08731533195724, 38.10242727354523], [-88.08699757987493, 38.10196474186218], [-88.08698327510237, 38.101442902455766], [-88.08713577400331, 38.101057796892896], [-88.0872630895336, 38.1005293124117], [-88.08711789124094, 38.09990924452929], [-88.08691610088204, 38.09932508940849], [-88.0866738063853, 38.09884753710086], [-88.08641056317612, 38.098280607799495], [-88.08595363331023, 38.09779018099749], [-88.08549962476563, 38.09759965482861], [-88.08470673396663, 38.09740647572103], [-88.08379385878838, 38.097453712079314], [-88.08284000516183, 38.09745141735074], [-88.08183149444011, 38.09747540807667], [-88.08110673187225, 38.09746128199661], [-88.08025089881623, 38.09745043399662], [-88.07931725009703, 38.0974877166111], [-88.07814685307966, 38.0976589903138], [-88.07711771973398, 38.09775453721839], [-88.07660845671458, 38.09770980432178], [-88.07585141767856, 38.0972026283364], [-88.07528165761636, 38.09658849180373], [-88.07493937703522, 38.096048235322506], [-88.07445750364883, 38.09532114791141], [-88.07426238687417, 38.09467002684212], [-88.0740045973371, 38.0940084742313], [-88.07396946063305, 38.09348568155798], [-88.07400176584731, 38.09290841060669], [-88.07397330452417, 38.092402307738865], [-88.07398775841709, 38.09184417011378], [-88.07425797614613, 38.091606942622256], [-88.07462168424173, 38.09150072685884], [-88.07440734621494, 38.09102830080195], [-88.07428417371476, 38.090275076914374], [-88.07439098519866, 38.089817551747075], [-88.07487670247617, 38.089281616009515], [-88.07528126954415, 38.088962373411704], [-88.07577670299976, 38.08846384023089], [-88.07595077853551, 38.08796220755623], [-88.0756119259255, 38.08751594797433], [-88.07525051302544, 38.0871523295031], [-88.07521039965475, 38.08661567920026], [-88.07505980787715, 38.08601411911557], [-88.07469002088202, 38.08527728620148], [-88.07439885174561, 38.08471688318585], [-88.07437921277688, 38.08403050576647], [-88.07455430071394, 38.0833001706997], [-88.0746950568375, 38.08262884298775], [-88.07471973355835, 38.081996884837295], [-88.075029289412, 38.08153348776743], [-88.07556024764385, 38.08153566349678], [-88.07609657151286, 38.0815309846533], [-88.07657659706472, 38.08145793893748], [-88.07715070856615, 38.08130997065272], [-88.07781142664416, 38.08110779167604], [-88.07833085230438, 38.08098405216449], [-88.07874909801917, 38.08103325638651], [-88.07905501839087, 38.081108744844805], [-88.07938910364167, 38.0809966300526], [-88.07957083731523, 38.08063673528864], [-88.07966051253678, 38.08016240195846], [-88.07961706012817, 38.079528982807645], [-88.0794289475178, 38.07905688527115], [-88.07905561487223, 38.0785908652363], [-88.07858807590283, 38.07820736960167], [-88.07806632630097, 38.078006292945496], [-88.07746157775675, 38.077759350535764], [-88.0770955151768, 38.07736804660306], [-88.07741478810688, 38.0769427668098], [-88.07776317633362, 38.076456303223594], [-88.07795224295484, 38.07590165243613], [-88.07803318565352, 38.07526775723644], [-88.07805753448928, 38.07507720064895], [-88.0781158576091, 38.07450854254055], [-88.0786568293614, 38.073998147785304], [-88.0791925863935, 38.073412949708406], [-88.07928088988761, 38.07338022668988], [-88.07967439959275, 38.073061877834256], [-88.07985535981685, 38.07306020889824], [-88.0805775298468, 38.07293909212716], [-88.08136991399599, 38.0726743286453], [-88.08165613521182, 38.072442734597054], [-88.08190441877656, 38.07209708642304], [-88.08189851774345, 38.07169654388125], [-88.0816741958406, 38.07121213657362], [-88.08130512390443, 38.07072910085261], [-88.0810092754437, 38.07030260001175], [-88.08102256781497, 38.07004582265186], [-88.08137319284677, 38.06942602375977], [-88.08182839255744, 38.06901138381197], [-88.08223769823854, 38.06906526653694], [-88.08273235734636, 38.06922110259402], [-88.08322409603122, 38.069436961491085], [-88.08380744670536, 38.06961249679056], [-88.08421028541476, 38.069730573830206], [-88.08469096673676, 38.069797092416366], [-88.08499176132145, 38.06977441296431], [-88.08529258644883, 38.06975170380251], [-88.08581934236176, 38.06960597065974], [-88.08618939795318, 38.06934573612293], [-88.0864751430619, 38.06884124242946], [-88.08660892556391, 38.068161629815755], [-88.08657551721849, 38.06772457843252], [-88.0864574992514, 38.06723954579615], [-88.08640376562435, 38.06677254378476], [-88.0863980137116, 38.06644012816015], [-88.08679259690352, 38.06617467917582], [-88.08713422081617, 38.06602879675108], [-88.08739898487313, 38.065882705398025], [-88.08737299661196, 38.06533520677878], [-88.08720625312554, 38.064751498897444], [-88.08705348652666, 38.06425707745893], [-88.08683220362441, 38.06378396614269], [-88.08641845846915, 38.063240132457814], [-88.08606228993372, 38.06288149201692], [-88.0857291901348, 38.06259220053165], [-88.08536923699708, 38.062246612613144], [-88.0852928837912, 38.061864339051894], [-88.0853886980994, 38.061426095047246], [-88.08566022736876, 38.0609346550134], [-88.08589185077825, 38.06060578612795], [-88.08638639041014, 38.0602282209808], [-88.0870609362553, 38.06010773014524], [-88.08784756849172, 38.059971294385285], [-88.08839280185174, 38.05976774437122], [-88.08884433733435, 38.05953269316993], [-88.08918491920127, 38.05925761810353], [-88.0897010651124, 38.05875252860392], [-88.09026441928832, 38.05833294129993], [-88.09094128907512, 38.05782215853661], [-88.09166697600939, 38.05731399922643], [-88.09245161129095, 38.05655511242967], [-88.09297514854022, 38.05602522824973], [-88.09362266497679, 38.05549405993691], [-88.09416002999323, 38.05506037697401], [-88.09456337535242, 38.05487792776249], [-88.09498120335064, 38.05457611911471], [-88.09472994007409, 38.054359485673615], [-88.09440205409707, 38.053922077389615], [-88.09409553724404, 38.053388406712955], [-88.09351704465895, 38.052814295235805], [-88.09331942607622, 38.052301128294836], [-88.09339670275023, 38.0520214040289], [-88.09369007725066, 38.05167530922055], [-88.09416992403777, 38.05109139263374], [-88.0950439964873, 38.049645383983474], [-88.09548667997112, 38.0486820827291], [-88.09592081059512, 38.04821543766582], [-88.09663931460038, 38.04797940354397], [-88.09739745676758, 38.04768030771057], [-88.09813565992872, 38.04723595432985], [-88.09878284758189, 38.04680426761851], [-88.0995005772394, 38.046152401853476], [-88.0999546747172, 38.045685280121724], [-88.10053266155077, 38.045402694433804], [-88.10156114002463, 38.045019793108345], [-88.10231347009193, 38.044563758409254], [-88.10305113695884, 38.043961870152486], [-88.10356099556128, 38.043407010512055], [-88.10409958318482, 38.0426259510256], [-88.10461283831735, 38.04170920153615], [-88.10478840415816, 38.04101638711651], [-88.1047683178284, 38.039877163066116], [-88.10472674379706, 38.039038853549634], [-88.10475297011178, 38.03885211299782], [-88.10509766356776, 38.038194553119745], [-88.10500009035823, 38.03771855079722], [-88.10475457899446, 38.03743471318258], [-88.10468999641373, 38.03714917711938], [-88.10432217672908, 38.03674726312339], [-88.10434801497159, 38.03646086331593], [-88.1045565121524, 38.03629200259271], [-88.10400782117686, 38.03589178693081], [-88.10342113236312, 38.03510649613033], [-88.10334150120475, 38.03499989336416], [-88.10330019487137, 38.034944610090314], [-88.10327629249828, 38.03494371646139], [-88.10278738620154, 38.03492556652322], [-88.10209406466862, 38.03493206319973], [-88.10107378152512, 38.035251603878166], [-88.10056487783181, 38.035494850649506], [-88.09993968363173, 38.036025302298086], [-88.09946022401851, 38.03622053761635], [-88.09867219041024, 38.03594176651487], [-88.09791169465701, 38.03545768713581], [-88.0972975883625, 38.03544487217552], [-88.0969188002482, 38.0356243111321], [-88.09650103153882, 38.03591434811222], [-88.09617156722183, 38.03606052829596], [-88.09589741487184, 38.03587226885352], [-88.09562257800562, 38.035636382438604], [-88.09507215867148, 38.03511692672993], [-88.09379438423157, 38.034341917528934], [-88.09273365893395, 38.03397025305202], [-88.09128657721583, 38.03241704571774], [-88.0911692743077, 38.03220506125272], [-88.09060776976295, 38.032281951551546], [-88.09011924974178, 38.032635287291804], [-88.08955294549845, 38.033040182173565], [-88.08876729691727, 38.03341482736488], [-88.08766872290181, 38.03363447117501], [-88.08674309254485, 38.03366761032212], [-88.08597854269473, 38.03340218964462], [-88.0852053223055, 38.032955037523266], [-88.08438826143546, 38.032520459695895], [-88.0834355998733, 38.03205798749334], [-88.08263496200327, 38.03158699172796], [-88.08186528546783, 38.03095887709133], [-88.08084440584298, 38.03050454077805], [-88.07958880451922, 38.02992032586121], [-88.07835889141933, 38.029270069593885], [-88.07718307037428, 38.02853204457518], [-88.0763068814939, 38.02791227480176], [-88.07574057814892, 38.02715255463311], [-88.07563626937137, 38.0264184929304], [-88.07570544054659, 38.02573759901879], [-88.07588112586333, 38.02460698853186], [-88.07609161999902, 38.02374963538814], [-88.07650423237868, 38.02290718333755], [-88.07697287358094, 38.02178768774445], [-88.07723915848567, 38.0208439971525], [-88.0771071932755, 38.01991964831042], [-88.07683009175642, 38.01892174655298], [-88.07640266615772, 38.01829497483556], [-88.07578972138485, 38.01769636608647], [-88.0751721880175, 38.01697613188262], [-88.07479947880277, 38.016408069046015], [-88.0748063634911, 38.015703661899806], [-88.07494786431802, 38.01489798556905], [-88.07516637591762, 38.014080835602876], [-88.0755701371968, 38.013427509375575], [-88.07636535373409, 38.01274441040024], [-88.07720172568777, 38.01209701395139], [-88.07800963721665, 38.01147965880514], [-88.07881590932013, 38.01059154910063], [-88.07922759913001, 38.009715241624534], [-88.07948693826096, 38.00878049148724], [-88.07947412379342, 38.00766841735231], [-88.07944783729158, 38.006532680949626], [-88.07939028941784, 38.0053047355764], [-88.07947036793722, 38.003740709196514], [-88.07952091254501, 38.002174298648605], [-88.07944256148592, 38.00068710346491], [-88.07960444778158, 38.00009788183638], [-88.07958933901682, 37.99954865460899], [-88.07956132415637, 37.99851308231789], [-88.07967969875462, 37.99714154984063], [-88.0798133033902, 37.99562726440174], [-88.07989650984338, 37.9937615493363], [-88.07983177993896, 37.99196861111743], [-88.07962036233515, 37.99035764688518], [-88.0792614826842, 37.988795318081834], [-88.07878387000721, 37.98723981587065], [-88.07818245870426, 37.985260196555565], [-88.07723203215052, 37.983542241007505], [-88.07598277832257, 37.98193529901797], [-88.07488438397016, 37.980631954498634], [-88.07335975518511, 37.98027990032267], [-88.07167333083426, 37.980073637830564], [-88.0701832737129, 37.979906357894244], [-88.06779715068893, 37.979871756335335], [-88.06500350963124, 37.97990680469023], [-88.06159826498542, 37.979799248572974], [-88.06114589676453, 37.979804821847246], [-88.06121602105223, 37.97913167686528], [-88.06100132459764, 37.97811392653515], [-88.05986177303218, 37.97707114267933], [-88.05873566206002, 37.975877977382446], [-88.05752264716891, 37.97449032180433], [-88.05678509887963, 37.97372371654669], [-88.05676179388621, 37.97210470440605], [-88.05707012892938, 37.97053191683794], [-88.05709128784758, 37.96886578762797], [-88.05682440825815, 37.967720275747624], [-88.05649372133406, 37.96645311104095], [-88.05629023136265, 37.96534562603888], [-88.0570465849841, 37.96435225505143], [-88.05785205129878, 37.963177178919885], [-88.05867292641551, 37.96193325988171], [-88.05925565186223, 37.960412894038896], [-88.05981620419277, 37.95879006750543], [-88.05980699466447, 37.957571807805614], [-88.05965592677978, 37.95613077470246], [-88.0591023786135, 37.954748245973356], [-88.05854453829677, 37.95389253110324], [-88.05768673703197, 37.953100654154], [-88.05682050238327, 37.95270291259034], [-88.05645584207349, 37.95166921858077], [-88.0564787006042, 37.950960876708734], [-88.0564940177781, 37.950485886882944], [-88.0568880646758, 37.94940245323029], [-88.05723830163542, 37.94824108664311], [-88.05794181455522, 37.947225184147364], [-88.05883278611189, 37.946178467739145], [-88.05962919381524, 37.94547867866971], [-88.06079741421468, 37.94503492201971], [-88.06158705760393, 37.9443184147019], [-88.06209029921598, 37.94293600442426], [-88.06225564312717, 37.94169089245701], [-88.0621730304604, 37.94061806858421], [-88.06228404336488, 37.93927204646344], [-88.06209998485137, 37.93835285250717], [-88.06199305389153, 37.937220304014424], [-88.0621080912485, 37.93696543505152], [-88.06188433528428, 37.936480968613715], [-88.06125210907216, 37.935227632047464], [-88.0611190703752, 37.93490674929019], [-88.0610275176747, 37.93468597441742], [-88.0608760626161, 37.934200881505625], [-88.06141584230404, 37.93405294305413], [-88.06314202249611, 37.933493672084545], [-88.0649731681342, 37.93270450647851], [-88.06704684362764, 37.93119773071729], [-88.06829582885933, 37.930127678600606], [-88.06951665100856, 37.928677050277365], [-88.06975194044271, 37.92839753304719], [-88.0698447157503, 37.927979168564875], [-88.07008235966883, 37.92690747670009], [-88.07015886199507, 37.92656242587529], [-88.07010408542399, 37.92527523252645], [-88.06988930003618, 37.92439683900201], [-88.07030009512403, 37.92403196919822], [-88.0709068100804, 37.92380800548795], [-88.07221110997403, 37.923891958122816], [-88.07375373830241, 37.92393531974802], [-88.07536696792393, 37.92415681142642], [-88.07706945594872, 37.924249495897655], [-88.07872071395116, 37.923949326953405], [-88.08065649445523, 37.923123832654326], [-88.0822847448066, 37.92251827875974], [-88.08396741419958, 37.922417337980804], [-88.08604991114913, 37.922390307271705], [-88.08863335631179, 37.92258199584995], [-88.09013771820571, 37.922937180271504], [-88.09167936287885, 37.92334249158266], [-88.09304565101866, 37.923712546930005], [-88.09443551274815, 37.92395585330252], [-88.09599193919931, 37.92407136675204], [-88.09652212308337, 37.924908900974664], [-88.09702116327483, 37.92590277982276], [-88.09801992907234, 37.92558353645363], [-88.09938886903888, 37.92557593742873], [-88.10053211627341, 37.925943191084265], [-88.10181066595942, 37.92532911466337], [-88.10332873614456, 37.92468270214962], [-88.10507241192512, 37.92391341430734], [-88.10667518066516, 37.92304092152893], [-88.10845980435131, 37.92213749295105], [-88.11019501530694, 37.92134597252243], [-88.11170086660759, 37.92068284131978], [-88.11325958915263, 37.919903629447624], [-88.11484349237338, 37.91906082033652], [-88.11446238121577, 37.91844313672288], [-88.11550283962224, 37.91750656847288], [-88.11641297314225, 37.916288935380614], [-88.11693588426577, 37.9151633005357], [-88.11724666452314, 37.91383632180038], [-88.1178866387046, 37.91269277682423], [-88.11825252072319, 37.911833039231624], [-88.11826518786701, 37.910674385308205], [-88.11790070542364, 37.90989907752167], [-88.11722601045813, 37.90903513765085], [-88.11665404323526, 37.90826632757368], [-88.11586064578643, 37.90784614397477], [-88.11374414311182, 37.90674122308026], [-88.11248955418938, 37.90655287198843], [-88.11174056226169, 37.905921300939596], [-88.11103746616017, 37.905175706144846], [-88.11025759823785, 37.90512766532383], [-88.10999143370738, 37.905883631615886], [-88.1100451969788, 37.906937501388796], [-88.10997849976391, 37.908173522315785], [-88.10904631260368, 37.907813033743096], [-88.10863563699176, 37.906913570154764], [-88.10765424551018, 37.90613975230086], [-88.10668280915856, 37.90539365151397], [-88.10574790998449, 37.9043912500056], [-88.10492760080638, 37.903583458511946], [-88.1043336401304, 37.90278669234447], [-88.10508012935173, 37.902588686198854], [-88.10571262416013, 37.90207802329208], [-88.10471361941075, 37.90105756226079], [-88.10401061224246, 37.90031193661688], [-88.10311782429227, 37.89947291301905], [-88.10231384648603, 37.89837818317563], [-88.10213121719214, 37.897580882167006], [-88.10198488792057, 37.89671709185487], [-88.10177940009595, 37.89601682560646], [-88.10104685991436, 37.89622117975549], [-88.0998440965973, 37.89632459432468], [-88.09974053431976, 37.89584364488165], [-88.09888321006036, 37.895581980297294], [-88.09805548079804, 37.89471956022001], [-88.0972798753817, 37.89403717691661], [-88.09659862271464, 37.89317165780939], [-88.0959743537793, 37.892161269009414], [-88.09519216191534, 37.89154710198597], [-88.0948532491182, 37.89134894721193], [-88.09446888875422, 37.891124178610795], [-88.09417268366232, 37.891021240936965], [-88.09399884707842, 37.890873450993915], [-88.09385633115524, 37.89056919920848], [-88.09378429974417, 37.89027698751136], [-88.0938029856004, 37.89004190620095], [-88.09390121368178, 37.88971816349312], [-88.09426688818954, 37.889453756903166], [-88.0946291958116, 37.889362949843395], [-88.0951093408394, 37.88939123192961], [-88.09573834838785, 37.88939895095998], [-88.09641596377635, 37.88908793393916], [-88.09742092884764, 37.88835810458141], [-88.09829202068707, 37.888537097218865], [-88.09900700868631, 37.88945685713204], [-88.10013410241541, 37.889989573487696], [-88.10125657790564, 37.89049183215168], [-88.10189992076941, 37.89107872898101], [-88.10198289096569, 37.89117081850817], [-88.10237204923159, 37.891602772639075], [-88.1039640902905, 37.8915475790943], [-88.10478860178752, 37.89170594911687], [-88.10614702158375, 37.891832846791445], [-88.10733440574313, 37.89170851117599], [-88.10862687392617, 37.89190633958602], [-88.10981840021735, 37.89157842453171], [-88.11093279895483, 37.8909237569464], [-88.11201423670795, 37.89017488378546], [-88.11309886258199, 37.88961379461777], [-88.1141377713946, 37.88924528978265], [-88.11519947944912, 37.888783234514584], [-88.11602905744432, 37.88842605254139], [-88.11624339547112, 37.88833754053113], [-88.1165437732375, 37.88882704362417], [-88.11679345727578, 37.889937060665744], [-88.11662516329719, 37.89068593340994], [-88.1167651756157, 37.89135293990339], [-88.11736348683257, 37.892280805885555], [-88.11761218721561, 37.89326797762705], [-88.11816654027238, 37.893956530567614], [-88.11823735087297, 37.89477454438888], [-88.11826643742357, 37.8956755585272], [-88.11876422626185, 37.89675476019964], [-88.11970833406589, 37.897738535304335], [-88.12054703175787, 37.898501564032586], [-88.12191191852584, 37.89909764118497], [-88.12289342858504, 37.899868597043444], [-88.12377486183003, 37.89997850802854], [-88.12441978572869, 37.9004983494068], [-88.12479651670097, 37.900922467189474], [-88.12503010742094, 37.90100466180302], [-88.12516821081944, 37.90117897586228], [-88.12544453799073, 37.901814987313195], [-88.12570888522939, 37.90219359519978], [-88.12628863006599, 37.901960362288555], [-88.12704641290706, 37.90241797700835], [-88.12829337333609, 37.90263785924669], [-88.1290989294823, 37.90349845988071], [-88.1293904857926, 37.904089917670895], [-88.13022918348456, 37.90380727257922], [-88.13070274296301, 37.90365486346724], [-88.13133777102051, 37.90388812573978], [-88.13233519473498, 37.90368532036473], [-88.13306314632209, 37.90432961734566], [-88.13398105835412, 37.905154873905595], [-88.1351324119858, 37.90562962507496], [-88.13650221613163, 37.906431248238505], [-88.13696060575985, 37.90740706558247], [-88.13730318458167, 37.90850987144834], [-88.1374679023671, 37.90926202106492], [-88.13831303558976, 37.9099822245917], [-88.1391375479851, 37.91086502996862], [-88.13996292276309, 37.911881735504025], [-88.14067048977978, 37.912776253128165], [-88.14093793710448, 37.9135358545086], [-88.14076848070592, 37.9142647595399], [-88.14140723407691, 37.91475748136467], [-88.14238311169927, 37.914504667737376], [-88.14312536805899, 37.914075843021685], [-88.14408521165186, 37.91357298766927], [-88.14455063508878, 37.91381689030444], [-88.14488167864401, 37.91455688238448], [-88.14506570930975, 37.914594939890684], [-88.14544437704977, 37.91466288843624], [-88.14610741817108, 37.91409366425897], [-88.14730428045505, 37.913323750414335], [-88.14846070058493, 37.913285544128314], [-88.14860339437453, 37.912582567319994], [-88.14875571361243, 37.911833455257515], [-88.1486403492687, 37.910959741179106], [-88.14895705750862, 37.91080679477132], [-88.15006305250667, 37.91120417907088], [-88.1513256876391, 37.911258330206245], [-88.15220285927637, 37.91069989369016], [-88.15298254843397, 37.91013204075319], [-88.15372185472627, 37.90958096531266], [-88.15436570423985, 37.90945600407848], [-88.15421320623722, 37.909051139307046], [-88.15489845101743, 37.90841038992894], [-88.15535922477441, 37.907838811032505], [-88.15575207870941, 37.906995881404455], [-88.15618158929789, 37.906238932112124], [-88.15659241492847, 37.90536581361088], [-88.1570592388389, 37.904661793615546], [-88.15804694727358, 37.90405769955493], [-88.15823616211681, 37.90328692225357], [-88.15833570263682, 37.90246816307767], [-88.15879650603821, 37.901352721024395], [-88.15903191405, 37.90079053045537], [-88.15905557747122, 37.90076808932818], [-88.1597344442129, 37.900303560215264], [-88.16031034426005, 37.90018339628019], [-88.16043006004304, 37.899937409096935], [-88.1605902476245, 37.89960836092314], [-88.16062502769736, 37.89948685683305], [-88.16079564561758, 37.89889096004696], [-88.16081913027406, 37.89808948583566], [-88.16054616998845, 37.89680452834884], [-88.16049973786805, 37.896146820759625], [-88.16001133822111, 37.895769314568795], [-88.15979714841636, 37.89539583223198], [-88.15881000502199, 37.894898431057584], [-88.15858174939652, 37.89444579355719], [-88.15913777152309, 37.89399127751326], [-88.15990598649955, 37.89373518685758], [-88.16085784317123, 37.89317204203973], [-88.16195695258261, 37.89256645851969], [-88.16307161991637, 37.89223431202017], [-88.16398962088164, 37.89143885715417], [-88.16349642153614, 37.89099146433715], [-88.16320543206278, 37.890358671524446], [-88.16381584268824, 37.889970973664816], [-88.16448553134265, 37.88975785662125], [-88.16518210118365, 37.890144154735296], [-88.16592477525994, 37.89030460993253], [-88.16728251053993, 37.890378311262836], [-88.16831867769429, 37.890321358630146], [-88.16960193634901, 37.89009873569393], [-88.17096121942623, 37.890089557025924], [-88.17250334200314, 37.88999973263584], [-88.17380841534622, 37.88973043888011], [-88.17487739526295, 37.88941423588547], [-88.17522870481102, 37.88890202325817], [-88.17567901858483, 37.88813425487896], [-88.17602493464793, 37.88681031726758], [-88.17633642816764, 37.885466767982265], [-88.17674710377956, 37.88403592696762], [-88.1768498620649, 37.88285280629775], [-88.17641465885248, 37.88210241316046], [-88.17546172869402, 37.88109762764094], [-88.17425756580174, 37.87992705231093], [-88.17363678322802, 37.87886257201323], [-88.17401494431824, 37.87804145867097], [-88.17505227479089, 37.87791265325884], [-88.17625742133839, 37.87811977901866], [-88.1774308878991, 37.8781581340275], [-88.17826326773968, 37.87726773081569], [-88.17826112166446, 37.8764671202667], [-88.17799641779463, 37.87555031168826], [-88.17778306252477, 37.8750454303102], [-88.1777946543852, 37.874620418905074], [-88.17743121578418, 37.874312561589086], [-88.17714830216524, 37.87398354425055], [-88.17685617901797, 37.87377314004203], [-88.17657478534849, 37.87354911553153], [-88.1769452586565, 37.873122673737996], [-88.17756034950459, 37.87302483206399], [-88.17810200667145, 37.87275774396249], [-88.17861135772576, 37.8723577971246], [-88.1790360416662, 37.87201206003565], [-88.17975612490976, 37.87152342163362], [-88.18001713400882, 37.870990853928056], [-88.18023772969988, 37.870386045318504], [-88.18054612493017, 37.86974085487717], [-88.18069159092076, 37.86923731367643], [-88.18079178541429, 37.86855108536767], [-88.1808787773681, 37.86800820634901], [-88.1814923770128, 37.86780268960058], [-88.18223243070344, 37.867907802796566], [-88.1830784290037, 37.86793957152733], [-88.18406768703225, 37.86794812464477], [-88.1848674625196, 37.86802629687296], [-88.18575065646255, 37.868119220825236], [-88.18631028263003, 37.86763421727856], [-88.18675034393152, 37.86721135159239], [-88.18764116546954, 37.86653135148122], [-88.18826621054929, 37.86590353539635], [-88.18879985115055, 37.865318844186476], [-88.18935813792996, 37.86472062203521], [-88.18990700767024, 37.86388213325494], [-88.19044994583469, 37.86317331525699], [-88.19085770102363, 37.86261204732831], [-88.19160094103856, 37.86236376373778], [-88.19236808252826, 37.862322785652324], [-88.19310879019243, 37.862391957611806], [-88.19367515372454, 37.86247015842884], [-88.1942744791394, 37.86227820121418], [-88.19502055064412, 37.862063058669605], [-88.19604622727257, 37.861983605660996], [-88.19685908582372, 37.86192102119695], [-88.19770606777924, 37.86189750653096], [-88.19857459672517, 37.86183554822954], [-88.19963073252998, 37.86180610308911], [-88.20045530331579, 37.86167461469885], [-88.20126807293371, 37.86142984850652], [-88.2012667901395, 37.86075622699946], [-88.2013021954398, 37.85998088921863], [-88.20146846371742, 37.85928986182237], [-88.20163651874414, 37.85868719909335], [-88.20185488032509, 37.858002252031184], [-88.20243480392644, 37.857542254069664], [-88.20321163105152, 37.85698232844427], [-88.20376810053911, 37.85665733326353], [-88.2040621900985, 37.856205142332286], [-88.20398523951295, 37.85597229641235], [-88.20386439185272, 37.8556066227837], [-88.20338347068055, 37.85506013747737], [-88.20275487995038, 37.85477421312347], [-88.2018862315285, 37.85484445821647], [-88.20112210029333, 37.854728198462205], [-88.20039399958586, 37.8545487895949], [-88.19963225247945, 37.85430554243668], [-88.1987886374096, 37.853600240512975], [-88.19838195480912, 37.852999425803574], [-88.19782465078663, 37.85225880782211], [-88.1971270083572, 37.85157174544109], [-88.19652419658075, 37.85102940243143], [-88.19592323174051, 37.85039044062572], [-88.19528680320948, 37.849784082592834], [-88.19478031239105, 37.849121338729724], [-88.19438063305653, 37.84852329438643], [-88.19401028012275, 37.84766051763469], [-88.1937615195526, 37.84681571089269], [-88.19357141088565, 37.84618414032573], [-88.19376125185464, 37.845352595410674], [-88.19393717432662, 37.84451813053166], [-88.19393109452878, 37.843734060362834], [-88.19394164434348, 37.84280384058621], [-88.19368728187919, 37.84188718071686], [-88.19344510775669, 37.841064547244095], [-88.19320436465044, 37.8405317715005], [-88.19258361261946, 37.84057993178914], [-88.1920188283256, 37.84061214717171], [-88.19125165719149, 37.84084907675713], [-88.19082381387618, 37.84119207131042], [-88.19035579879967, 37.841631179194714], [-88.18988259774902, 37.84197640899235], [-88.18902420000288, 37.84188104152036], [-88.1879672611042, 37.84197113456775], [-88.18700038370264, 37.84226927694446], [-88.18636940884372, 37.84248567117744], [-88.18596490106454, 37.842514191884], [-88.18517320322823, 37.842756336523394], [-88.18494187716111, 37.842466598250226], [-88.1844257905388, 37.84158561177129], [-88.1835291281548, 37.84093761957506], [-88.1831139807294, 37.840622370592136], [-88.18306450871006, 37.84060919812148], [-88.18305839926784, 37.8405801999492], [-88.18301423269857, 37.84037018348897], [-88.18290831503836, 37.83986676229143], [-88.18311839235575, 37.83946404329103], [-88.1835316308612, 37.83822939251456], [-88.18384580675034, 37.83756810842865], [-88.18462898226954, 37.83690208706871], [-88.18503882334656, 37.83660564271919], [-88.18520380882997, 37.83637416801059], [-88.18552820844536, 37.83597755827878], [-88.18539671934228, 37.83574971973416], [-88.18530898178678, 37.835602406347284], [-88.18465190098738, 37.83536300443894], [-88.18377273149692, 37.83508238646251], [-88.18321176144975, 37.83491585071198], [-88.18254019711303, 37.834703866359206], [-88.18199895586612, 37.83460107830148], [-88.18132423215454, 37.83492184078949], [-88.18077372209056, 37.83530474074509], [-88.17992426707306, 37.83602381166919], [-88.17921199198595, 37.83648768485357], [-88.17865331623604, 37.83674905139061], [-88.17802466621706, 37.83647954950336], [-88.17751293103399, 37.83610374245418], [-88.17716269317607, 37.83566353178982], [-88.1768530474909, 37.83528453577673], [-88.1760964261715, 37.83533382825597], [-88.1755858525101, 37.83526441948647], [-88.17484630726591, 37.83533320250465], [-88.17439840816357, 37.835264537967845], [-88.17394338631934, 37.83483967672063], [-88.17395235689577, 37.83437046783241], [-88.17402537196205, 37.833468591023326], [-88.17402692245425, 37.832657013366514], [-88.1739006795124, 37.8319764475983], [-88.17390857660207, 37.831200782332], [-88.1739149546406, 37.83050242481318], [-88.17406992660352, 37.829863759826736], [-88.17410458630212, 37.828961435556984], [-88.1738550513842, 37.8289006089502], [-88.17307876055331, 37.828891637645796], [-88.17235328202817, 37.828772846518106], [-88.17170976129799, 37.82855832921741], [-88.17114673500713, 37.82814050060549], [-88.17103584068026, 37.8275677885436], [-88.17087961646584, 37.826815101140774], [-88.17072711756488, 37.82605415816025], [-88.17011885211633, 37.82581800485624], [-88.16924546508135, 37.82596800004394], [-88.16840584392125, 37.82581469688671], [-88.16778336263333, 37.8254127533622], [-88.16732577789558, 37.82512584554746], [-88.16734711647685, 37.824560168913834], [-88.16756616347237, 37.82385051520065], [-88.16781489349981, 37.82304728293152], [-88.16828264087836, 37.822439851429245], [-88.16895465347442, 37.821892740707796], [-88.16954721367686, 37.82149654843288], [-88.17006535654284, 37.82098359048063], [-88.17076896019249, 37.82060244912875], [-88.17081226348078, 37.82057386743963], [-88.17129681833828, 37.81978038088822], [-88.17168135836532, 37.81900391114776], [-88.17214481449177, 37.818655938995], [-88.17274616560758, 37.81790596376317], [-88.17280630601921, 37.817747981539725], [-88.172583444777, 37.8172996651161], [-88.17213065794121, 37.816764385853496], [-88.17146126842577, 37.81608858786373], [-88.1708420058015, 37.81552103233474], [-88.16985623323627, 37.81464281752729], [-88.16906235878203, 37.81410634591098], [-88.16814450693711, 37.81350216354474], [-88.1672549960411, 37.81287354250718], [-88.16624192547101, 37.81235119789177], [-88.16528962233663, 37.8122905797281], [-88.1643890846205, 37.812432081173355], [-88.16365642406467, 37.81218361940154], [-88.16261313416841, 37.81181567977627], [-88.16144211102528, 37.81158444382658], [-88.1603202616608, 37.811679393416014], [-88.15934739429294, 37.811977446714494], [-88.15850419783801, 37.81239846462465], [-88.1584023926652, 37.81252998268416], [-88.1577732647425, 37.81280672638173], [-88.15715418178128, 37.81300598443781], [-88.15683428362378, 37.813309581372295], [-88.15649587837477, 37.8136020315726], [-88.15640721555455, 37.81367862348737], [-88.15583653112591, 37.81351253478643], [-88.15557635746006, 37.81329935842533], [-88.15537068907408, 37.81313079704837], [-88.15464071358262, 37.81315943697467], [-88.15399224403353, 37.81320867042692], [-88.153924681741, 37.813237638905356], [-88.15361184703657, 37.81324300267491], [-88.15282131072192, 37.81330588606632], [-88.15249667305297, 37.8132028893622], [-88.15271813471998, 37.81275290383348], [-88.1529790836319, 37.812573731381825], [-88.15327379931706, 37.81227904726142], [-88.15303570893585, 37.81186252955174], [-88.15312881033189, 37.81139731494548], [-88.15337387523297, 37.81098345009863], [-88.15366391159381, 37.81062868302772], [-88.1536651333026, 37.810617656322044], [-88.15396008704131, 37.81025707780977], [-88.15428806195153, 37.81008693605712], [-88.15467334668195, 37.80999949672412], [-88.15494702022988, 37.80993741887955], [-88.15518478362434, 37.80976820043848], [-88.15499071069203, 37.809617967221875], [-88.15491096005776, 37.80955621623589], [-88.15463642143219, 37.80929660787704], [-88.15445131907632, 37.80898842241296], [-88.154175259603, 37.808633447743205], [-88.15419856459641, 37.80829286608443], [-88.1541997575591, 37.808275491215866], [-88.15421948635938, 37.807859003441955], [-88.15422237713796, 37.80779832623104], [-88.15448541283631, 37.80731883660997], [-88.15474734540346, 37.8067678209502], [-88.15519104218693, 37.806310385728345], [-88.15542847769629, 37.80611729578046], [-88.15551564931316, 37.80592563760598], [-88.15536929039718, 37.80580106335852], [-88.15515122615858, 37.80580282212538], [-88.15435362639086, 37.805725097081805], [-88.15369451719555, 37.80567368892222], [-88.15289498066008, 37.80552694150028], [-88.15253696518843, 37.80488303244229], [-88.15214637680457, 37.80397951556039], [-88.15188813900816, 37.80306368999712], [-88.15156463411476, 37.801956861031115], [-88.15153375901846, 37.80113735692855], [-88.15154880939274, 37.80028250748927], [-88.15168473707165, 37.79930209972968], [-88.15185154164348, 37.79834139148957], [-88.15186822964651, 37.79757484687161], [-88.15239787723634, 37.79685801069598], [-88.15297485077029, 37.795882490928065], [-88.15351221668504, 37.795129952502606], [-88.15374619368058, 37.79395761888926], [-88.15310389465915, 37.79315912492079], [-88.15254092855545, 37.7925435280927], [-88.1519043805485, 37.791800347463614], [-88.15114507596132, 37.79095929540261], [-88.15032634691981, 37.78997689189137], [-88.14950991217552, 37.78936683779805], [-88.1487989468321, 37.789011624001006], [-88.14792341462022, 37.788403686728365], [-88.14715564700477, 37.787945803402636], [-88.14664561053593, 37.78792646151681], [-88.14615318643649, 37.78789764284298], [-88.14566439692074, 37.788461444356415], [-88.14521021050972, 37.78897106376888], [-88.14513364799636, 37.789086219586636], [-88.14474067458544, 37.7893420129339], [-88.1439324657142, 37.789540616582954], [-88.14312526834598, 37.789810773311174], [-88.14252883550637, 37.79010271741067], [-88.14214671104912, 37.79065489455676], [-88.1417964435468, 37.791325984465225], [-88.1413868099806, 37.79204532342066], [-88.14094642169235, 37.79271730579547], [-88.14026344066666, 37.7932485327943], [-88.13871678968243, 37.79428887161617], [-88.1374419949543, 37.79542195650826], [-88.13727945288849, 37.7957333616738], [-88.13679012887513, 37.796024440493944], [-88.13601216807615, 37.79624652700329], [-88.13445118267492, 37.796356975158844], [-88.13258755215953, 37.7963271723806], [-88.12994596354011, 37.79651951703546], [-88.1290792815304, 37.79683783637274], [-88.12740716285043, 37.797545372527026], [-88.12621506972232, 37.798200607650436], [-88.12550294285725, 37.79880359708086], [-88.12575492209106, 37.799564272285345], [-88.12571471888886, 37.800876200711386], [-88.12539938057972, 37.80188077794349], [-88.1255952402611, 37.802904279166206], [-88.1253217975802, 37.80402055871373], [-88.12467846729284, 37.80380032536871], [-88.12404978762946, 37.803685523948864], [-88.12171697692264, 37.803703334278275], [-88.12149735320872, 37.80375462030903], [-88.11768550052257, 37.80506180266841], [-88.1163417529099, 37.80591192804711], [-88.11477862053513, 37.80755733232001], [-88.11429414023779, 37.8081332231032], [-88.11359027338175, 37.80925758254921], [-88.11297898330565, 37.81038374385804], [-88.11199223606833, 37.81111908197933], [-88.11091449488262, 37.811716917167125], [-88.11018764552836, 37.81216034578369], [-88.10957756188967, 37.812470886949036], [-88.10894792821546, 37.81275111826405], [-88.1081463650807, 37.81309396382721], [-88.10736405284247, 37.813235226699305], [-88.10654276090744, 37.81326723473027], [-88.10641681620629, 37.81322068320264], [-88.10621404129384, 37.81322259011614], [-88.10585161509414, 37.81310674875596], [-88.10572945499528, 37.81288400680584], [-88.10560443466056, 37.81265598908276], [-88.10565173006195, 37.811797085771055], [-88.10534515392011, 37.8113945755081], [-88.10446828052352, 37.81104511401709], [-88.1036872492829, 37.8110762869688], [-88.10233556595296, 37.811136637152615], [-88.10116844688807, 37.81148139007424], [-88.09996878365705, 37.81165951837468], [-88.09913327588266, 37.81190813023623], [-88.09783052648119, 37.811948183928486], [-88.09646775524574, 37.811915877963905], [-88.09619235154256, 37.811851505159396], [-88.09570293679936, 37.81181851429713], [-88.09516196594538, 37.811823551000494], [-88.0946507068694, 37.811804448146056], [-88.09422855617804, 37.81171295422616], [-88.09344433861311, 37.81152952106582], [-88.09289952207139, 37.81127223752517], [-88.09277509642139, 37.81098723707252], [-88.0927362353022, 37.81039145909912], [-88.09272851607895, 37.80986690887718], [-88.0926299295698, 37.80929550923207], [-88.09237544762958, 37.80834400982125], [-88.09205435740769, 37.80744922388019], [-88.09192775603806, 37.80726242448393], [-88.09121807348889, 37.80631891121699], [-88.09062822619862, 37.80557054600851], [-88.08933551996203, 37.8039513547173], [-88.08892770458598, 37.80358740913569], [-88.08823173122634, 37.80294305375029], [-88.08754824444915, 37.80221867778796], [-88.0871357201044, 37.801598670559805], [-88.08739812967697, 37.8010257802428], [-88.08752651869402, 37.800525429542084], [-88.08733706489892, 37.799778492680865], [-88.0863982311039, 37.798450292647665], [-88.08585764652548, 37.79772731854805], [-88.08517204421581, 37.79674548062013], [-88.08412827731414, 37.79566189755864], [-88.08293785325583, 37.79451435860837], [-88.08278654641927, 37.794422747435625], [-88.08210079409093, 37.79417017245535], [-88.08171524256088, 37.79381156089679], [-88.08125694186586, 37.79361861999976], [-88.08040480358059, 37.79390764285917], [-88.07959349462332, 37.794515164300634], [-88.07881797903855, 37.79515907359332], [-88.07842661451029, 37.79550135273711], [-88.0776198654014, 37.79638421681133], [-88.07681880891646, 37.79709568767357], [-88.07654459727766, 37.79726979255037], [-88.07601486075461, 37.797606082296014], [-88.07589645651197, 37.797590108250034], [-88.07545591910338, 37.79753068255417], [-88.0742049656629, 37.79693851059889], [-88.07344494601676, 37.7969856878199], [-88.07282678652366, 37.79732766888849], [-88.0720511128354, 37.798103042055196], [-88.07147409258906, 37.798632472810326], [-88.07121830090516, 37.7990131859919], [-88.0708732786658, 37.79882282893658], [-88.07034979801038, 37.79853729420835], [-88.0696419076002, 37.798430218134534], [-88.06832130597911, 37.798061401488376], [-88.067494443591, 37.79770448330817], [-88.06632850670901, 37.79741894780627], [-88.06517446801297, 37.79710366836192], [-88.06402637796073, 37.796919259796816], [-88.06224178122403, 37.79708582236897], [-88.0612899973159, 37.797121514350565], [-88.05576369733359, 37.79719289897181], [-88.05573395411453, 37.797633099181226], [-88.05499037273978, 37.79816847809679], [-88.05370546298157, 37.79897154664797], [-88.05195655810775, 37.799804358169254], [-88.05149851253428, 37.80000066301852], [-88.05046344671446, 37.80060742597094], [-88.04989237511191, 37.80097029385621], [-88.04939507226221, 37.801367222327805], [-88.04881069840695, 37.80137244287122], [-88.04820109087537, 37.80129731030807], [-88.04715812886421, 37.80147827112076], [-88.0466070537599, 37.80157384696639], [-88.04590389747125, 37.80177838069179], [-88.04541692704395, 37.80258420583371], [-88.04505572345134, 37.8035541817752], [-88.0449408352147, 37.80447611659448], [-88.045346266462, 37.805439536514], [-88.04485592825068, 37.80576491919976], [-88.04243186667729, 37.806089614833596], [-88.04237440773679, 37.80608580063807], [-88.04102772981965, 37.80636013050702], [-88.03969929039769, 37.80696112424881], [-88.03952372455689, 37.80715123392307], [-88.03916889900282, 37.80727223094056], [-88.0378021644003, 37.807260697690076], [-88.0364941697359, 37.807201510439654], [-88.0351538698573, 37.80695400199326], [-88.03416800746052, 37.80656198233555], [-88.03354060969305, 37.806308215319916], [-88.03294095639312, 37.80591279891219], [-88.03230896823456, 37.80532903096313], [-88.03230046478207, 37.8053143546041], [-88.03141196089747, 37.805253180601106], [-88.03086944314457, 37.8046535569988], [-88.02997000766129, 37.802797577089564], [-88.02951314966062, 37.80209801602814], [-88.02907572132122, 37.80156746876444], [-88.02236063041781, 37.803378543689554], [-88.02197643175057, 37.803521143199795], [-88.02065939194958, 37.80392750855891], [-88.02053306187118, 37.803968272801455], [-88.01891978643559, 37.80439657528278], [-88.01729223497348, 37.80428236176721], [-88.0160358790649, 37.8042395315646], [-88.01252379418905, 37.803711290830215], [-88.01018240367296, 37.80321160421927], [-88.00849774451164, 37.80245493569254], [-88.00714145192597, 37.80208374005746], [-88.00609008887028, 37.801447630012085], [-88.00538897355396, 37.80166101377874], [-88.00470817902769, 37.80180834949122], [-88.00386480919792, 37.80198108756301], [-88.00334151359546, 37.802153827360165], [-88.00323482158748, 37.80225543764771], [-88.00319417641414, 37.80277365390226], [-88.00293507084515, 37.803195338957195], [-88.00259467223455, 37.80355097572519], [-88.00234064574019, 37.80381516527605], [-88.00217806864008, 37.80386089017188], [-88.00167001385473, 37.80377452090051], [-88.00120768331733, 37.80390153449989], [-88.00084188484207, 37.80401330699651], [-88.00023729979124, 37.80434354154271], [-88.00015601124117, 37.8044451530764], [-88.00015092947162, 37.80490748229893], [-88.00025762237792, 37.805263120758994], [-88.00037955430469, 37.80561367850432], [-88.00049132718391, 37.80593375219307], [-88.0009028526021, 37.80624874695559], [-88.00125340846361, 37.80639608274285], [-88.00159888525052, 37.8065993042807], [-88.00187323612818, 37.80675172042204], [-88.00214250523628, 37.80686349215369], [-88.00210186096126, 37.808057421044175], [-88.00218314861301, 37.80875853602104], [-88.00224919454932, 37.80889571137754], [-88.00256101954737, 37.8089293259724], [-88.0028537813968, 37.80933771833751], [-88.00290966648892, 37.80978988717966], [-88.00308349229304, 37.81115392831293], [-88.003055954438, 37.81398598176642], [-88.00314852043815, 37.81421245042658], [-88.00345649885016, 37.814758310160066], [-88.0039771444225, 37.81546924423051], [-88.0046183421094, 37.81620303717436], [-88.00504719782603, 37.816795507424736], [-88.0053567851207, 37.81746060537104], [-88.00524276106337, 37.81791464403294], [-88.00503557542288, 37.818154880312335], [-88.00462123378628, 37.81863535336406], [-88.00426670467624, 37.81909144838929], [-88.0036710749305, 37.81950191624564], [-88.00307374647052, 37.8197931745937], [-88.00272017316794, 37.820320794329035], [-88.00251686106296, 37.82084716351173], [-88.00249513530783, 37.821467349736224], [-88.00181069901137, 37.821546665455344], [-88.00121010966693, 37.82177328548238], [-87.99941564673347, 37.82313357147361], [-87.99791563897374, 37.823699245560015], [-87.99763803529642, 37.82434720823553], [-87.99775502559082, 37.82576402362864], [-87.99785853307111, 37.8260531278822], [-87.99791920977698, 37.82654210815068], [-87.99791207086541, 37.82712067413621], [-87.99827612840566, 37.828134324078505], [-87.99863304703435, 37.82913012894289], [-87.9988332231207, 37.829583307537945], [-87.99879040761762, 37.82981050668996], [-87.99843317368028, 37.83018089953549], [-87.99831182026854, 37.830523540689356], [-87.9983225272884, 37.830880459881435], [-87.99839748091908, 37.83130876446413], [-87.99857288057156, 37.83156387306938], [-87.99857481823763, 37.831706953108515], [-87.99848991127361, 37.831862909623645], [-87.99845745693904, 37.83192257304405], [-87.9983349393107, 37.83198882413162], [-87.99809923305823, 37.83211637807828], [-87.99764990204132, 37.83223940236676], [-87.99741166253976, 37.83240835148161], [-87.99720379238303, 37.832600873891955], [-87.99711715616208, 37.832863939953604], [-87.99718111171873, 37.833149534924736], [-87.99721502761228, 37.83343542819384], [-87.99724864436685, 37.833697480264526], [-87.99716293251232, 37.83403201203623], [-87.99692594526228, 37.83429632877213], [-87.99447354004505, 37.83527092461036], [-87.99387513989495, 37.83549059795789], [-87.99360712752993, 37.83568365719429], [-87.99340116269991, 37.83601923138231], [-87.99313502871215, 37.83635531272579], [-87.99301572974747, 37.83646581865909], [-87.99292715765708, 37.83654783547815], [-87.9924499626967, 37.836838021255474], [-87.9924419748772, 37.83684132802134], [-87.99215089647063, 37.836959762783344], [-87.9915208154354, 37.83706043551596], [-87.99110054222298, 37.83711169482719], [-87.99053027461264, 37.83718801900447], [-87.98998909445118, 37.83719257864469], [-87.9898406783932, 37.837183996418226], [-87.98915757968823, 37.837306632700596], [-87.98804031981653, 37.83760963306871], [-87.98660728415616, 37.837996693436416], [-87.98643566551272, 37.838032273415166], [-87.98545673361838, 37.838380896279794], [-87.9849719173511, 37.83840766625915], [-87.98453469203096, 37.83836602572024], [-87.98416885043656, 37.838300590540086], [-87.98402608208677, 37.838199463329424], [-87.98353777945789, 37.83729229330234], [-87.98326167956037, 37.837188191400976], [-87.98353777766127, 37.83700921731731], [-87.98414454022834, 37.83643814554446], [-87.98434679591456, 37.835878972019145], [-87.98426963961481, 37.83550421475946], [-87.98385357051792, 37.835220972282166], [-87.983535318074, 37.835093076062314], [-87.9833330632861, 37.835113896194265], [-87.98316650125939, 37.83513769113039], [-87.98301778426578, 37.835185279560704], [-87.98278569552897, 37.83537812604623], [-87.98253840460262, 37.83546256690577], [-87.98239563715116, 37.835212723277124], [-87.98244322540333, 37.834451295768936], [-87.98226064372015, 37.834380604142666], [-87.98152713335804, 37.83468924195565], [-87.98137655146192, 37.834740617849384], [-87.98078168618245, 37.83421713672531], [-87.98009461782225, 37.83370257932862], [-87.9799369769646, 37.8335360156313], [-87.98165607573729, 37.832639747818476], [-87.98369244329868, 37.83140558519356], [-87.98471683443798, 37.83064988673889], [-87.9851439141853, 37.830334827220454], [-87.98635106756913, 37.82913308129009], [-87.98661636792033, 37.82886896743016], [-87.98676305651801, 37.82875686786151], [-87.9869087991897, 37.8286825103004], [-87.98701884999853, 37.828643843601135], [-87.98698868636794, 37.82846854049793], [-87.98663940611411, 37.828112411416804], [-87.9862682105606, 37.827905397711575], [-87.98603978245858, 37.82789825902845], [-87.98580421544499, 37.82807671880395], [-87.98525693931603, 37.82873820858936], [-87.98462828570379, 37.829251491531366], [-87.98424164541561, 37.82960168349637], [-87.98385951916174, 37.82994778767127], [-87.98320219312227, 37.830474244286634], [-87.98236462281595, 37.831015570608955], [-87.98207908791302, 37.83116428733961], [-87.98100401202875, 37.83168232552748], [-87.9804342843059, 37.83187515208014], [-87.98016956965628, 37.83193166459514], [-87.97997623693578, 37.831931663176164], [-87.97974423982713, 37.83192274048642], [-87.97953901161563, 37.83187812560259], [-87.97918804073245, 37.831759154102606], [-87.9789054801514, 37.831714537700826], [-87.97870620148204, 37.83165505077872], [-87.97833143422697, 37.83150633503726], [-87.97825410185742, 37.83124162091438], [-87.9781886667755, 37.830994750739414], [-87.97795964488706, 37.830738960453154], [-87.97763841632462, 37.830557525736076], [-87.97701856710047, 37.83021101644848], [-87.97684308210805, 37.830106915197334], [-87.9767181596897, 37.82997307071846], [-87.9765248278675, 37.829767842424424], [-87.97622442225332, 37.82961317636155], [-87.97584073382919, 37.8293633327906], [-87.97576934920514, 37.829253283087354], [-87.97579611810228, 37.82906292664825], [-87.9761173448681, 37.82867031627197], [-87.97632257397792, 37.828481742098745], [-87.97679846727945, 37.82836871812651], [-87.97709589947003, 37.82794636370644], [-87.97714645485759, 37.827797357383055], [-87.97720892370243, 37.82761323903709], [-87.97717918048339, 37.8273990873287], [-87.97698882298312, 37.826997553328965], [-87.97696205408594, 37.82685478629333], [-87.97697097705168, 37.82671201756242], [-87.97715241068792, 37.82618556319639], [-87.97721487234627, 37.825929770429745], [-87.97722379441366, 37.82584648943356], [-87.97702995055175, 37.825652047773815], [-87.9767524250279, 37.82556879058937], [-87.97645887894923, 37.82548072672869], [-87.97554516564283, 37.825138084154815], [-87.9753916103231, 37.825059185263484], [-87.97485325715985, 37.82489559643519], [-87.97460638844169, 37.82494913552727], [-87.97460524937789, 37.82486604429857], [-87.97460043800123, 37.824514883289474], [-87.9745825911715, 37.82438698625024], [-87.97449038809073, 37.82427693622128], [-87.97417213564681, 37.82412524667582], [-87.9737587040036, 37.82400032493003], [-87.97360106404429, 37.82397058226804], [-87.97308650545628, 37.82470226558673], [-87.97238753980844, 37.82550533438317], [-87.97230319518978, 37.825661047144976], [-87.97215554180148, 37.82593363752664], [-87.97194093697505, 37.82625008669946], [-87.9715939887477, 37.82676168899298], [-87.97103184100921, 37.827276248675744], [-87.97070948326444, 37.827450322132776], [-87.97043697572974, 37.82759747583049], [-87.97018415746943, 37.827683730670714], [-87.96947329453398, 37.82784731828517], [-87.9691282722946, 37.82800793327776], [-87.96899145258863, 37.82803767573164], [-87.96876901445292, 37.82792761766548], [-87.9684257888441, 37.82753852697084], [-87.9680099245631, 37.82689107339046], [-87.96726931661195, 37.82606718351315], [-87.96722948710888, 37.825545565893854], [-87.96722306145966, 37.8254614202157], [-87.96696891009945, 37.824111861224836], [-87.96685291154515, 37.82404047849808], [-87.96675994489641, 37.82397827622101], [-87.96669824590774, 37.8236240718512], [-87.96641568532668, 37.82332366576077], [-87.96570779581481, 37.82240162353537], [-87.96555907882122, 37.82205065516383], [-87.96545497755451, 37.822056601581274], [-87.96505701130724, 37.82227225823144], [-87.96462343584209, 37.82279669476811], [-87.96462870176629, 37.82285986946783], [-87.96453293506879, 37.82317494883875], [-87.96438719329541, 37.82324038466193], [-87.96414329979746, 37.82328499980141], [-87.9639559175174, 37.823290948248136], [-87.96394342464674, 37.82332604499632], [-87.96389583459792, 37.82369783562348], [-87.96388096388672, 37.82410829276425], [-87.96380804044858, 37.824243721009374], [-87.96355267995602, 37.82409588013985], [-87.96333852608387, 37.82366757697435], [-87.96298160745519, 37.823581917036364], [-87.96233915302524, 37.823896005591294], [-87.96163959179437, 37.824152987561156], [-87.96106342764249, 37.82435138266097], [-87.95967404291841, 37.82517616233191], [-87.95924715451224, 37.82535733071251], [-87.95791788145371, 37.82552705481793], [-87.95707647264622, 37.82543776761942], [-87.9560682601652, 37.82681457536384], [-87.95467911349466, 37.828234268807364], [-87.9547691767884, 37.82896523083249], [-87.95489103774828, 37.82917298302109], [-87.95568100812429, 37.82984624742112], [-87.95601077068194, 37.83003501535365], [-87.9567741877565, 37.83077464894014], [-87.9577363265449, 37.8312640016314], [-87.95762146795268, 37.83145092405928], [-87.95738284127724, 37.83159594126505], [-87.95729638471936, 37.831882789158286], [-87.95718319519693, 37.8324321948266], [-87.95717821763192, 37.83246590087172], [-87.95698968910156, 37.83374531581479], [-87.95706032003909, 37.83455552143403], [-87.95704982951321, 37.834641173600076], [-87.95697869192587, 37.8352238981353], [-87.95713089258614, 37.83536572737849], [-87.95739756286811, 37.835340038234825], [-87.95741547437656, 37.835351928927416], [-87.95819111033559, 37.835260286827555], [-87.95956550127926, 37.83520827206341], [-87.95970918860559, 37.83529960773723], [-87.95975082911227, 37.83570709011947], [-87.95963780487985, 37.836462569342494], [-87.95956939637433, 37.83656964560119], [-87.95937903887405, 37.83663210685775], [-87.95914931360477, 37.83663632173668], [-87.95905483778633, 37.836638054937964], [-87.95843617703329, 37.836649951806436], [-87.95761526239069, 37.83668266978114], [-87.95733567613156, 37.83677784887442], [-87.95722562532274, 37.83692656463165], [-87.9571482947498, 37.8370514871968], [-87.95687644029033, 37.83705922093405], [-87.95686454210438, 37.83735367771251], [-87.95687108633122, 37.837558311672126], [-87.95670154818598, 37.83828999717954], [-87.95662124239283, 37.838498199144325], [-87.9572131342487, 37.838748042996514], [-87.95737969717374, 37.838849170164586], [-87.95706739247532, 37.83897111694678], [-87.95657365414066, 37.83914065437199], [-87.95626952231468, 37.839271340860016], [-87.95606242021753, 37.83969848860517], [-87.9557801021816, 37.839998449199335], [-87.95507221266972, 37.84067362246224], [-87.95471231971915, 37.84112571923818], [-87.95458144955529, 37.841542125725574], [-87.95446247757737, 37.84186632702632], [-87.95440596456285, 37.84192729972197], [-87.95394494376914, 37.84195704436804], [-87.95324300290109, 37.842013554835106], [-87.95322515607134, 37.84204329873699], [-87.95327274612015, 37.842706575126456], [-87.9536058710719, 37.843968878719295], [-87.9538735600434, 37.84465892323613], [-87.95392709873603, 37.84511994292431], [-87.95405499367965, 37.8466088901224], [-87.954474374865, 37.847980055037816], [-87.95448034866163, 37.848149971825094], [-87.95391362490508, 37.84814899505651], [-87.951947069916, 37.84813109046746], [-87.95173968754446, 37.8482991689966], [-87.95140716176901, 37.84860309103804], [-87.95135309127375, 37.848672366667955], [-87.95129274335127, 37.84874968756311], [-87.9512248082579, 37.84884622720178], [-87.95015929404153, 37.84889270944142], [-87.94974810549158, 37.84890701253614], [-87.94792242789863, 37.84893561729859], [-87.94639209121826, 37.848971373590665], [-87.94400362269307, 37.84894634461363], [-87.94346661610443, 37.84883822586106], [-87.94303926596422, 37.84875218372912], [-87.94238624195663, 37.84868312452293], [-87.94204359935445, 37.848606983192084], [-87.94139638565011, 37.84875926719385], [-87.9405017076446, 37.84902576769615], [-87.94017793056167, 37.84928016457095], [-87.93960497698862, 37.850006852909544], [-87.93930820685642, 37.85008551445147], [-87.93850295973067, 37.85032019483541], [-87.93827129769365, 37.850425191810274], [-87.93802458528232, 37.850664755498855], [-87.93774568982764, 37.85067548043439], [-87.9374882506335, 37.850618272248376], [-87.93700955818154, 37.85071371779596], [-87.93528571001595, 37.851939080424685], [-87.93544660996142, 37.852142888004074], [-87.93629044062693, 37.85254692587609], [-87.93788560692471, 37.852864744039074], [-87.93863671887648, 37.85289732998402], [-87.93895494257431, 37.85280078926582], [-87.9392374115272, 37.85260413469351], [-87.93945909597637, 37.85253619837558], [-87.93986706496435, 37.85246214850504], [-87.94088242264515, 37.85205244208977], [-87.94125402244052, 37.85203562085257], [-87.94138989442386, 37.85257195363088], [-87.94141849857914, 37.853131885093184], [-87.9417510243546, 37.85363961406299], [-87.94206056403858, 37.85426837654199], [-87.94170811812168, 37.85555611042572], [-87.94169381514574, 37.85580782925486], [-87.94162230475754, 37.856658809240905], [-87.94163303154036, 37.85738822216026], [-87.94122899358007, 37.85753482107673], [-87.94080231537968, 37.85777429853965], [-87.93977462383003, 37.858351100363045], [-87.93970302720358, 37.85841657732912], [-87.93967085134672, 37.85843741640981], [-87.93915517435619, 37.85886635603712], [-87.93900161274827, 37.85900365670253], [-87.9388512509394, 37.859138098876436], [-87.93860096413155, 37.85933117777283], [-87.9392088064736, 37.85993723387616], [-87.94008839368068, 37.86079179032356], [-87.94185471688786, 37.862553107302574], [-87.94267351869291, 37.863429117878475], [-87.94291307961626, 37.86364365149081], [-87.94318839797947, 37.86406199101865], [-87.94350662077899, 37.86440881926728], [-87.94433615026517, 37.8651847153982], [-87.94458286267648, 37.865282326362305], [-87.94506913870609, 37.86576145071893], [-87.94520500889281, 37.86601531540495], [-87.94514064909428, 37.86610827947938], [-87.9449261170314, 37.8662799061367], [-87.94526579429484, 37.866565949677316], [-87.94559474477546, 37.866726849833384], [-87.94536948503143, 37.866873446486146], [-87.9450190809852, 37.86719524794067], [-87.94497617475228, 37.86731180999011], [-87.94515137677541, 37.86830581440552], [-87.9448331530776, 37.86891365821463], [-87.94515707478925, 37.86960963451606], [-87.9452729448845, 37.86992375117134], [-87.94677110211474, 37.87030633464964], [-87.94704998858627, 37.87051706290386], [-87.9476210601888, 37.87124041891192], [-87.94789026192326, 37.87224808742143], [-87.94790883638838, 37.872893382128105], [-87.94781742292676, 37.87302836128453], [-87.94768286877192, 37.87307881983073], [-87.94725380195119, 37.8738797416259], [-87.94708932671088, 37.87444468050318], [-87.94676395152509, 37.8750932844198], [-87.94638494242524, 37.8757404595024], [-87.9457745973768, 37.876227770199385], [-87.9461060496655, 37.876444843320606], [-87.94631986756775, 37.87699047233825], [-87.94770003108543, 37.878249067644546], [-87.94924828107087, 37.87824987596808], [-87.95082483427596, 37.87827035065825], [-87.95226386619085, 37.8780345340129], [-87.95259259568591, 37.87795953267753], [-87.9527126698967, 37.8779744441766], [-87.95271916741113, 37.87797274527271], [-87.95281572642271, 37.87791129328374], [-87.95281945802441, 37.87790777209675], [-87.95300043082491, 37.87786648286974], [-87.95340804318171, 37.87785933058713], [-87.95458812403784, 37.87796001838259], [-87.95525437304305, 37.878321696187], [-87.95614905015027, 37.878531089057205], [-87.95727215625782, 37.87851205310851], [-87.95780515546197, 37.87830265947512], [-87.9582239419626, 37.878150375529735], [-87.95883175645687, 37.878037293665734], [-87.95890724278853, 37.87805241148484], [-87.95900020764064, 37.87817398002281], [-87.95907887041513, 37.87833130459112], [-87.95937564054734, 37.878563716124425], [-87.95976537642997, 37.87864952846831], [-87.96064853713526, 37.87863522618159], [-87.96137795117964, 37.87862092389209], [-87.9619035563507, 37.878427843775576], [-87.9624109796204, 37.87832504718103], [-87.96273308583689, 37.878259793529814], [-87.96359979838931, 37.8776769779896], [-87.96404316728768, 37.8776769779896], [-87.96430060648181, 37.877748489616735], [-87.96441144870639, 37.877902238599994], [-87.96447938379976, 37.878134647941906], [-87.9645544712794, 37.8783527570451], [-87.96464028374524, 37.87847075074821], [-87.964771307521, 37.87854266647394], [-87.96501929284508, 37.87846002418465], [-87.96623855641727, 37.87833130388204], [-87.96701588210735, 37.878309850712746], [-87.96726259541698, 37.87818828239909], [-87.96743422124696, 37.87808101557282], [-87.96760584707692, 37.87805598584424], [-87.96772026549466, 37.87813107287725], [-87.9679347984559, 37.87829912341669], [-87.96808139542543, 37.87843141882577], [-87.96822441710013, 37.87857801629789], [-87.96833883641618, 37.878595894346994], [-87.96855694557053, 37.87847075074821], [-87.96915048673326, 37.87847432579637], [-87.96931138757706, 37.87851723203285], [-87.96947586281739, 37.878742492200765], [-87.96959027943849, 37.8788855154438], [-87.9696769138628, 37.8790279789701], [-87.96975117938396, 37.879150105336], [-87.96995498556237, 37.879285975643455], [-87.97024818039974, 37.879296702795735], [-87.97052349966128, 37.87925737202342], [-87.97114268682705, 37.87917622804293], [-87.97138600809816, 37.87914434007416], [-87.97183941836478, 37.87918316606557], [-87.97189380776199, 37.8791878443558], [-87.97221115919565, 37.87933960926228], [-87.97260447127147, 37.87939681713638], [-87.972915542583, 37.87951123629646], [-87.97320923059546, 37.87956830151962], [-87.97346617930943, 37.87951123629646], [-87.97403953802267, 37.87922162333241], [-87.97446375753412, 37.87905714140896], [-87.97472170786966, 37.87904905400763], [-87.97484250702084, 37.87908382216943], [-87.97496456381344, 37.87921396634033], [-87.97510197640752, 37.87936782996608], [-87.97528372804739, 37.879461708876825], [-87.97543523969983, 37.87954391610775], [-87.9755409193065, 37.879572848612426], [-87.97554178528242, 37.87963841804228], [-87.97548272105247, 37.879722370736246], [-87.97541629333216, 37.87981830612199], [-87.9753569155902, 37.87987841288908], [-87.97516968602375, 37.87993957962109], [-87.97506486969809, 37.87997621851677], [-87.97492299966356, 37.880054894871535], [-87.97477408054903, 37.88016939667573], [-87.97473757750745, 37.88025316157885], [-87.97474611868918, 37.880330591153026], [-87.97477730190765, 37.88041379431718], [-87.9748541590684, 37.88053835178897], [-87.9749006962917, 37.88064527470087], [-87.97497097688625, 37.880841424780115], [-87.97503349873172, 37.88101975431186], [-87.97524604461952, 37.881167032971064], [-87.97547950238881, 37.88118894475789], [-87.97567496142159, 37.88118136312726], [-87.97610325030129, 37.88114800479387], [-87.9762607132925, 37.88111092901072], [-87.97675660758384, 37.88107104687395], [-87.97707287115773, 37.881098230315004], [-87.97723879897386, 37.88113262172464], [-87.9773748820613, 37.88118514649786], [-87.97771607388431, 37.88139096837462], [-87.97792759838762, 37.88146075062951], [-87.97811703691137, 37.88156648458743], [-87.97826261339473, 37.88176796831195], [-87.97830963031839, 37.88191065527646], [-87.97833011190687, 37.88232183353891], [-87.97831117901394, 37.88259622383918], [-87.97828464367876, 37.88286471485241], [-87.97823546630686, 37.8831274335557], [-87.97813966547338, 37.883277268934485], [-87.97804355022956, 37.88340325942787], [-87.97790230721913, 37.88352962760527], [-87.97776834954563, 37.88363804713561], [-87.97764998303222, 37.8837880700702], [-87.97724818277531, 37.88411929326954], [-87.97651568840782, 37.88447114321564], [-87.97632077105914, 37.88452045244094], [-87.9763217151885, 37.8845919836564], [-87.97647355382772, 37.88469803145695], [-87.97661066368953, 37.88482804943253], [-87.97659625291574, 37.88487586102791], [-87.97655207107512, 37.884947766954454], [-87.97655348771832, 37.88505506277448], [-87.97666051659454, 37.88518532968374], [-87.97673745909523, 37.88531584663523], [-87.97689119048478, 37.885564956839474], [-87.97699900718348, 37.88575483278292], [-87.97706232673292, 37.88599276937755], [-87.97722968376867, 37.886134457711684], [-87.97767064428376, 37.886488491602385], [-87.97779256183749, 37.88660671048709], [-87.97792967888583, 37.886736725092604], [-87.97826077274671, 37.88674589637989], [-87.97842608342025, 37.886732599572696], [-87.9786035968086, 37.886504583947065], [-87.97866076918653, 37.886277569401855], [-87.97900216762206, 37.88592896033496], [-87.97907453859631, 37.88571374150763], [-87.97919234995086, 37.885521990899996], [-87.97928086814234, 37.8853900995881], [-87.97953658706268, 37.88538797262715], [-87.9799278437931, 37.885396639283705], [-87.98045495723552, 37.885439942064956], [-87.98105854695302, 37.88557799082401], [-87.98145027979055, 37.8856224179484], [-87.98190155027015, 37.885618654657286], [-87.98211325084327, 37.88570035021915], [-87.98247648552673, 37.88586424303055], [-87.98286837916268, 37.885920587259506], [-87.98308470695783, 37.8860134808418], [-87.9830811792737, 37.88613381183107], [-87.98306652325984, 37.88663357639098], [-87.98305818958895, 37.886917751459166], [-87.98304423156605, 37.88739376666542], [-87.98302396647158, 37.88813319143813], [-87.98308890568346, 37.88849034292891], [-87.98339515394024, 37.88889315070873], [-87.98382460613823, 37.889509553204974], [-87.98427792926825, 37.88993524931582], [-87.98437708081774, 37.89002832215836], [-87.98506348891621, 37.89061405648171], [-87.9853490256158, 37.89099883440473], [-87.98569809925712, 37.89177429098551], [-87.98576220483241, 37.89236312570332], [-87.98624342244865, 37.89324843365364], [-87.98655023754236, 37.89368113412529], [-87.98722880784, 37.89432182389424], [-87.98786896168451, 37.89493646754065], [-87.98841562516245, 37.89531340734505], [-87.9885689585983, 37.89552673231575], [-87.98851197666319, 37.89576568719375], [-87.98833429528989, 37.895981783302986], [-87.98816963679326, 37.8962250899523], [-87.98839023428093, 37.896723176153735], [-87.98828056076454, 37.89719122190072], [-87.98843529557222, 37.89768036911156], [-87.98851960605491, 37.89824711803544], [-87.98893582606875, 37.89899476924234], [-87.98929652301153, 37.8996356091146], [-87.98987212481804, 37.900145824675285], [-87.99052563032261, 37.9006406924384], [-87.99059057043281, 37.90072499545482], [-87.98989765853166, 37.900922141124234], [-87.98976152693521, 37.90099871466355], [-87.98968495364207, 37.90125396134576], [-87.98968495454038, 37.90179848435893], [-87.9896807001192, 37.90196864918938], [-87.98949777438126, 37.90189207382393], [-87.98915319141805, 37.9019175987183], [-87.98882562793622, 37.90193461483711], [-87.98858739831614, 37.90187080330807], [-87.98842999641036, 37.90176019766088], [-87.98817900532336, 37.90167511540824], [-87.98791950539398, 37.901628319843816], [-87.98730266193276, 37.90167086242714], [-87.98696233518739, 37.90167086242714], [-87.98670283525799, 37.901556001365186], [-87.9863242214169, 37.90105401878901], [-87.98586265265087, 37.90095277210896], [-87.98547978349025, 37.90082940315829], [-87.98504586666529, 37.90070178025488], [-87.9847608411071, 37.900586918389344], [-87.98450985091841, 37.900603936233516], [-87.98448857971078, 37.90083791063515], [-87.98447581824388, 37.90110591904424], [-87.98448857971078, 37.90150154892402], [-87.98426886167378, 37.90183276828184], [-87.98418398794742, 37.90176530335842], [-87.98404360282808, 37.901680221111675], [-87.98386493061301, 37.90163768066029], [-87.98360117716075, 37.90163768066029], [-87.98318002180272, 37.9016334262594], [-87.98278864559637, 37.90150154821518], [-87.98258019422966, 37.90143773772832], [-87.9825078753577, 37.90151431144004], [-87.98230367841214, 37.90152707324505], [-87.9821462774047, 37.901650443152704], [-87.98202716259465, 37.90180359005382], [-87.98183572801433, 37.90186314725347], [-87.98162727844424, 37.901722762956204], [-87.98152943304518, 37.901556852671575], [-87.98141882707752, 37.901356909520075], [-87.98121463013196, 37.9011867468193], [-87.98094236873564, 37.90097404076361], [-87.98068286970457, 37.90083791063515], [-87.98033403411681, 37.90081663981466], [-87.98023193519488, 37.90091023052825], [-87.98023618961606, 37.901646188752544], [-87.98024044313894, 37.90246297449662], [-87.98012983806957, 37.90246297449662], [-87.97950448576601, 37.90248849848415], [-87.97891742145649, 37.90249275283567], [-87.97868514856503, 37.90258208848934], [-87.97848095251781, 37.9027522529256], [-87.97825123084179, 37.902922416259564], [-87.97811935366649, 37.90295985318928], [-87.97793217350737, 37.90325763827985], [-87.97768118331867, 37.90324955495408], [-87.97759610028486, 37.90312618701828], [-87.97748974784004, 37.902943261180646], [-87.97731107562498, 37.90276458922407], [-87.97721748554541, 37.90267525379195], [-87.97716643608446, 37.90251359787845], [-87.97716364232392, 37.902220977819695], [-87.97706433985746, 37.90202437788203], [-87.97678356872048, 37.901998853024686], [-87.9765212247249, 37.90209382657232], [-87.97591147975106, 37.9020158691247], [-87.97589020854346, 37.901764878060874], [-87.97588595502059, 37.90165427154559], [-87.97586893913248, 37.90146283677215], [-87.97581363525033, 37.901382010009094], [-87.97557540652856, 37.901326706838944], [-87.97545841803078, 37.90128033564459], [-87.97514786864045, 37.90131862330109], [-87.97485008341195, 37.9013016077487], [-87.97460334584781, 37.901229288240245], [-87.97412263308476, 37.90066349298628], [-87.97401628153827, 37.90018703477907], [-87.97389716672824, 37.89984245332308], [-87.97377805191819, 37.89967654376167], [-87.97361214206838, 37.899591462644466], [-87.97337816776779, 37.899591462644466], [-87.97325535189876, 37.89958941619383], [-87.97306329837923, 37.899319724407725], [-87.97301135060299, 37.899309549533264], [-87.97251373603787, 37.898807433255655], [-87.972398875649, 37.89876914712816], [-87.9722329657992, 37.898824449384676], [-87.97179904807591, 37.89902864617047], [-87.9711269025292, 37.899088204197966], [-87.97068873038475, 37.89916903135358], [-87.97062678885098, 37.89934397567728], [-87.97015696995737, 37.89961145647126], [-87.96969454869013, 37.899509358603254], [-87.96934996842187, 37.89942853040371], [-87.96903941903152, 37.89963272764012], [-87.96854594569986, 37.900287857915245], [-87.9679844043242, 37.90050609279088], [-87.96783976568199, 37.90076559137982], [-87.96755048660093, 37.90116122308909], [-87.96728247872748, 37.901429230320815], [-87.9667507174018, 37.902003532700675], [-87.9667081767832, 37.90228217631871], [-87.96672944709249, 37.902618249005414], [-87.96643166186401, 37.902588470717156], [-87.96621470165492, 37.902579962025], [-87.96587374069892, 37.90270107824572], [-87.96572266023783, 37.902829430601045], [-87.96490888450677, 37.903835942505296], [-87.96482560349341, 37.90427376423135], [-87.96615810240212, 37.906712711635585], [-87.96615202260428, 37.90704298116554], [-87.96645576815466, 37.90754079499215], [-87.96666520946485, 37.90763212113053], [-87.96688642409514, 37.90775974406449], [-87.96708636482286, 37.9078788594064], [-87.96747348840468, 37.90834680869409], [-87.96757984174778, 37.908572275994494], [-87.96752028344446, 37.908989177433085], [-87.96743518424095, 37.90912446181824], [-87.96836007169118, 37.91038467521105], [-87.96907177095817, 37.91135440877267], [-87.96896173811565, 37.9114304477005], [-87.96823482947258, 37.91207563861125], [-87.96709065876992, 37.91349107002797], [-87.96684985547655, 37.91367697742859], [-87.96654190850558, 37.91386395664177], [-87.96652796036416, 37.91398704009916], [-87.96657641998215, 37.91412711042764], [-87.96660860661879, 37.914220004560065], [-87.96659549301228, 37.91440457137], [-87.96648960499648, 37.91461446827383], [-87.96609031373414, 37.914937465773875], [-87.96601083978096, 37.91522424660413], [-87.96586212368568, 37.91581911179602], [-87.96553494917437, 37.916154914300286], [-87.96507392658403, 37.916502910364], [-87.96488654520229, 37.91677060092209], [-87.96460398282461, 37.9170948008001], [-87.96438685822382, 37.91724054386571], [-87.96415188499661, 37.917303004078704], [-87.96329527938947, 37.91721377488303], [-87.96299487197868, 37.91715131317688], [-87.96259036330119, 37.91708397497888], [-87.96202256515954, 37.91716321122247], [-87.959077981083, 37.91710967389978], [-87.95890249519225, 37.91718403155749], [-87.95884895829624, 37.91726136347014], [-87.95884710866508, 37.917391545747776], [-87.95888613776923, 37.91745528995739], [-87.95899321335784, 37.91759805728365], [-87.9590348529662, 37.91805907842584], [-87.95900212105218, 37.91838078165241], [-87.95868388387966, 37.918656918351566], [-87.95830018018412, 37.9187377006268], [-87.95791946518356, 37.91870200866557], [-87.95764878751709, 37.918571613981136], [-87.95752984428529, 37.91853497019853], [-87.95743169166239, 37.918499279556286], [-87.95736923090237, 37.918395177557755], [-87.95719077158803, 37.918282153254886], [-87.95689333849913, 37.918308922557365], [-87.95639365152066, 37.918181026659276], [-87.95544821870156, 37.918250477817004], [-87.95534618535665, 37.91828376193616], [-87.95533050975496, 37.91828805293387], [-87.9547893888823, 37.9184358133409], [-87.95463674175934, 37.918633819361126], [-87.95454566606426, 37.91879442434089], [-87.95445637801659, 37.91909021211521], [-87.95445131151838, 37.919328452687836], [-87.95444669148287, 37.91954532361824], [-87.95444859860623, 37.919692845516806], [-87.95437164981732, 37.91974264563297], [-87.95415453958955, 37.91975671245537], [-87.95406078242335, 37.91970825312672], [-87.9540560132675, 37.919692100718684], [-87.95402829664773, 37.91959789539387], [-87.95397983882636, 37.9194507021226], [-87.95372943972913, 37.91929286872964], [-87.95343374038873, 37.91923379973211], [-87.9530918182354, 37.91919967698785], [-87.95265739026905, 37.919215471630096], [-87.95230074562653, 37.91924300949008], [-87.95205320766347, 37.91930645800107], [-87.95179076844647, 37.9194192603369], [-87.95145090253682, 37.91954496645462], [-87.95109455523665, 37.91959703154037], [-87.95058332670341, 37.919674964691566], [-87.95025722927211, 37.919665278061686], [-87.94996269235172, 37.91969225024523], [-87.94974507727078, 37.919837178171136], [-87.9497027567394, 37.920001746857544], [-87.9497208173682, 37.92019838238155], [-87.94986443552423, 37.92050463125262], [-87.94991381771204, 37.920725556425545], [-87.9499182877289, 37.921069832455075], [-87.94976653442964, 37.92134157044655], [-87.9496305169192, 37.92162549742519], [-87.94958661714958, 37.92164683592855], [-87.94958438214115, 37.921703757943256], [-87.94957377303764, 37.921705516072144], [-87.94951154583961, 37.92203223890284], [-87.94946910673063, 37.92235228568721], [-87.94923119421587, 37.92316577040001], [-87.9490330393389, 37.92345020408563], [-87.94878752797511, 37.92367351341377], [-87.94852589364862, 37.92384776739069], [-87.94837336510327, 37.924058022833094], [-87.9482350820417, 37.92416984070308], [-87.94814275499344, 37.924232038513566], [-87.94809715650959, 37.924306216777836], [-87.94812990998317, 37.92444119025886], [-87.94841118417672, 37.92458650706475], [-87.94869138488352, 37.92464572269682], [-87.94889210445061, 37.92480153144847], [-87.94901614202841, 37.924897792861074], [-87.9493081448014, 37.92518273216786], [-87.94933112280806, 37.9253057272415], [-87.94957261061766, 37.925573142710675], [-87.94979654534666, 37.92608779916136], [-87.94984691208799, 37.92638254431546], [-87.94981964193093, 37.92667782610739], [-87.94965352457027, 37.92703581162608], [-87.94953202024155, 37.92724579861124], [-87.9493625045542, 37.92734554730321], [-87.94917817744441, 37.92749458905065], [-87.9491333542067, 37.92763021920165], [-87.9491191087229, 37.92772868626097], [-87.94904305285938, 37.92785227795009], [-87.94882719488312, 37.927972408742455], [-87.9488220098073, 37.92797956182497], [-87.94851012821539, 37.92816710767602], [-87.94819097476123, 37.92821714651184], [-87.94767730191211, 37.92819038435873], [-87.94688536422562, 37.927894356840326], [-87.9467535786785, 37.927933040204714], [-87.94635998004011, 37.92848623070799], [-87.94632135607617, 37.92867347908441], [-87.94629438505808, 37.9289934069763], [-87.94645370756193, 37.92931181573225], [-87.9464408921961, 37.929520968617005], [-87.9463826589078, 37.92966410860588], [-87.94638069249562, 37.92966899696458], [-87.9463345882603, 37.92970627928054], [-87.94608940388328, 37.92995417498862], [-87.94586123719101, 37.93032488577688], [-87.9458021388251, 37.93055895342768], [-87.94578452645564, 37.93070313650763], [-87.94576762824684, 37.930741551979345], [-87.94537310524203, 37.93122098234994], [-87.94512452433494, 37.931361590234985], [-87.94480417881641, 37.93142778027322], [-87.94452695782141, 37.93160215474809], [-87.94394083584463, 37.93190196581491], [-87.94355763610399, 37.93228623735806], [-87.9432042101251, 37.932571892700174], [-87.9423551126371, 37.93294757974907], [-87.94192625692045, 37.93340600003153], [-87.94182007156229, 37.93355364078835], [-87.94171269324144, 37.933702831493825], [-87.94155980806494, 37.93388850004678], [-87.94115714812028, 37.93396550831348], [-87.94093386916146, 37.93394834302063], [-87.94072200419666, 37.933932100215934], [-87.94042734959694, 37.933959041659904], [-87.94005541562828, 37.93401119573282], [-87.93983934924289, 37.934111271791856], [-87.9394993342129, 37.934236978300916], [-87.93940748327172, 37.93433610109929], [-87.93919248947476, 37.93452221654195], [-87.93903820292643, 37.93459725872986], [-87.93884266933345, 37.93477193034656], [-87.93874652714018, 37.93485782028377], [-87.93848417775472, 37.93498287085359], [-87.93834464244163, 37.93499628151525], [-87.93736706700336, 37.93504095583501], [-87.93671537968893, 37.935070728780666], [-87.93648312925538, 37.935121779626535], [-87.93639032520167, 37.93514717112826], [-87.93631507422865, 37.935332154450435], [-87.93616072839149, 37.935407167471276], [-87.93581966951913, 37.93544677431546], [-87.93564780024573, 37.93536201584132], [-87.9353823507742, 37.93524119711891], [-87.93505446569549, 37.935096239329354], [-87.93492288855751, 37.935053412833554], [-87.93464915392416, 37.93496421509451], [-87.93449388372055, 37.934965437273235], [-87.93438534297972, 37.93497860987894], [-87.93430177809871, 37.93502089936863], [-87.9342619620704, 37.93504104510713], [-87.93418545884585, 37.93512771125443], [-87.934046491268, 37.93519032560828], [-87.93381376472735, 37.935204481581565], [-87.933472557633, 37.93523178106361], [-87.93322403601469, 37.93522143898858], [-87.93285085159116, 37.935175215272885], [-87.93261752946746, 37.93514019728707], [-87.93236897730644, 37.93512985661614], [-87.93218205765876, 37.93508214355843], [-87.93199498889074, 37.93502212154642], [-87.93179191483928, 37.934925352634146], [-87.9317632154626, 37.93491504098193], [-87.93086726723925, 37.93490100469112], [-87.93081359379936, 37.93490854465443], [-87.93061287602887, 37.934996193660105], [-87.9304585589378, 37.9350712056068], [-87.93027274152296, 37.9351095614068], [-87.93005539324167, 37.935111260408995], [-87.92983634534784, 37.9349777454976], [-87.92969541045954, 37.93488047065061], [-87.92955444502853, 37.934783225432376], [-87.9292892937977, 37.934686933742775], [-87.92897821709627, 37.93464023427907], [-87.9287450440929, 37.93461746551653], [-87.92854304352824, 37.93460673650699], [-87.92804614851366, 37.9345984213996], [-87.92789195179684, 37.93468568321893], [-87.92779977386888, 37.934760188188356], [-87.92778472349463, 37.9347971738903], [-87.92769400532902, 37.934994643442145], [-87.92773674178035, 37.93520826642639], [-87.9277580210728, 37.935314690487175], [-87.92803080079703, 37.93609926675862], [-87.92798994272296, 37.936479127235685], [-87.92759655339206, 37.93673995772238], [-87.92733300924726, 37.93675363658195], [-87.92698104392906, 37.93677786559322], [-87.92657567286889, 37.93686691447373], [-87.92611695445726, 37.93702075464841], [-87.9257676724068, 37.93725959106233], [-87.92552648193953, 37.937476073995256], [-87.92539424813307, 37.93773466922366], [-87.92553107143232, 37.93784088487532], [-87.92577518142426, 37.93786043613341], [-87.92604507216654, 37.937772458973384], [-87.92623419717825, 37.93772805341175], [-87.92642898606782, 37.937743640031215], [-87.92657683528887, 37.93790102644436], [-87.92704550613553, 37.938241309133765], [-87.92711435032395, 37.93828240650425], [-87.92739562361919, 37.93842772216703], [-87.9278482631313, 37.93862090136456], [-87.92792717833237, 37.93871865231483], [-87.9279749812819, 37.93881664330715], [-87.92790014802549, 37.93903861088089], [-87.92779703221063, 37.93948206934514], [-87.92767335216233, 37.939682967320294], [-87.92756877658516, 37.93985275050569], [-87.9274323117137, 37.940112061417956], [-87.92741833392789, 37.940235174624455], [-87.92744360623178, 37.9403453830716], [-87.92742891338699, 37.940387762281404], [-87.92747153126071, 37.94085556991894], [-87.92763189760691, 37.94118008655612], [-87.92784048372093, 37.9413559497245], [-87.92818777061314, 37.94141054765124], [-87.9284444884601, 37.94136065948533], [-87.9288812700125, 37.941106921397484], [-87.92954782983477, 37.94115558907673], [-87.92965777104914, 37.94113997271756], [-87.92985252939599, 37.941187358081436], [-87.93030460027452, 37.94133133328445], [-87.93057174846024, 37.941587424762155], [-87.93069831928715, 37.941770858095126], [-87.93082560427469, 37.942015833304204], [-87.93093691721648, 37.942223973105804], [-87.93112601168548, 37.94244382491298], [-87.93159766404058, 37.942907340528315], [-87.93174685444632, 37.942996330266865], [-87.93191941003262, 37.9431944855122], [-87.93213356929466, 37.94336561084976], [-87.93219621420933, 37.94357890558937], [-87.93215398440782, 37.94392356979831], [-87.93207864360326, 37.944108612500436], [-87.93202628080536, 37.94418049597145], [-87.93161646937273, 37.944395072000155], [-87.93111063522277, 37.94491554027536], [-87.93081904836974, 37.94518835051223], [-87.93065182787792, 37.94547251622772], [-87.93059296846387, 37.9457312009151], [-87.93055088688439, 37.94608814226568], [-87.93059591853127, 37.94719446475562], [-87.93061639293322, 37.94758779596828], [-87.93063719432195, 37.9480057137859], [-87.93056262966178, 37.94825220964747], [-87.93044172181443, 37.94851142929189], [-87.93027417253921, 37.94877094837326], [-87.92997090489256, 37.949351289047485], [-87.9299441117409, 37.949380942148345], [-87.92967994416529, 37.94967330375546], [-87.92943243584664, 37.94974903033999], [-87.92921598138904, 37.949824550711845], [-87.92881335198712, 37.94991377858436], [-87.9280094936568, 37.95020295043983], [-87.92795948534325, 37.950213917307394], [-87.92731262557514, 37.950355984917515], [-87.92669696968674, 37.95044223278154], [-87.92666159313255, 37.95044718067741], [-87.92616517692004, 37.95048798008604], [-87.92566795491868, 37.95046732643753], [-87.92532609205416, 37.95044542252747], [-87.9250937526874, 37.950496414525276], [-87.92508138468256, 37.95050589166884], [-87.92479167620681, 37.95084891541662], [-87.92470232976864, 37.95128391005562], [-87.9251899254234, 37.952053823823796], [-87.92530189233872, 37.952477463713], [-87.9248586132719, 37.95301193873699], [-87.92437337120317, 37.95337582532792], [-87.92407502003607, 37.95348627331585], [-87.92336685743635, 37.953498193814845], [-87.92287800953008, 37.95367235867855], [-87.92263723588111, 37.95320738238798], [-87.92250726852411, 37.95313630462433], [-87.92243952746686, 37.953074940896194], [-87.92228237978432, 37.95292861152682], [-87.92187653171875, 37.95275963276636], [-87.92136193450317, 37.952591517791376], [-87.9206762729047, 37.95240015892305], [-87.9200846667131, 37.952281811992364], [-87.91952474050828, 37.95221240218955], [-87.91882650159752, 37.95225475118012], [-87.91820536059599, 37.9522596097027], [-87.9177855068968, 37.95221368358228], [-87.91731966574328, 37.952217320215816], [-87.91722182573412, 37.95219604087798], [-87.91688365764035, 37.952122339846255], [-87.91655481855084, 37.95190359085008], [-87.91630179727127, 37.95153666522997], [-87.91615901454843, 37.95129183864014], [-87.91605920633047, 37.95120621724902], [-87.91586078195895, 37.95103589644502], [-87.91580433631808, 37.95101893914515], [-87.91527594097975, 37.950859943106416], [-87.91514376825873, 37.95082018660524], [-87.91469241154086, 37.95073760422591], [-87.91431776555834, 37.95058066606921], [-87.91411254722833, 37.95031172934006], [-87.9141111763992, 37.95030263964517], [-87.91407878135342, 37.9500906550617], [-87.91408986836068, 37.94973398108385], [-87.9141638670822, 37.949438282587785], [-87.91435805859211, 37.9490310346538], [-87.91437573114868, 37.948993960484295], [-87.91457391656836, 37.94869730695103], [-87.91467882092893, 37.94838909145923], [-87.91471997814197, 37.948314705146075], [-87.91481549510783, 37.94814206051987], [-87.91485888643099, 37.94788352458042], [-87.91490150430471, 37.94756347772197], [-87.9148660100712, 37.947207161255704], [-87.9147402737792, 37.94708518111478], [-87.91469840150717, 37.94707227561775], [-87.91458440709425, 37.94703719883661], [-87.9143516509092, 37.94705129514826], [-87.91405711488709, 37.947090484849774], [-87.91377807570196, 37.94712955622889], [-87.91315702453197, 37.94713435416872], [-87.91152355946035, 37.9468659552468], [-87.91122762206642, 37.946817317560004], [-87.91068220904334, 37.946661689355274], [-87.91021580284952, 37.946616121726265], [-87.90984389942358, 37.94668046540622], [-87.90947324914747, 37.946843186021304], [-87.9092102421952, 37.94691900265533], [-87.90899253728273, 37.94689608539181], [-87.9088199215093, 37.94674987476832], [-87.90883333245819, 37.9465776175005], [-87.90887717114236, 37.94635594755637], [-87.90887475826752, 37.94615922259812], [-87.90886760588123, 37.94614813611383], [-87.90879560231794, 37.946036853929634], [-87.9086064171191, 37.945804693711594], [-87.90815312453178, 37.94556225164628], [-87.90773195749567, 37.945405640345555], [-87.90729571133919, 37.94528604455531], [-87.90684512896908, 37.94526491410125], [-87.90633351326196, 37.945330359832745], [-87.90555856271749, 37.945446976693724], [-87.90498603045431, 37.94561124649254], [-87.90473867125598, 37.945699223478194], [-87.9041978180813, 37.94591242926928], [-87.90384328986957, 37.94612420488684], [-87.90367535342048, 37.946359108435324], [-87.90358308566101, 37.94643358456983], [-87.90342796457774, 37.9464471135699], [-87.90330258671354, 37.94634968955401], [-87.90302047708678, 37.94614280184955], [-87.90284684891203, 37.9459104627401], [-87.90270457283903, 37.945702561486854], [-87.90253046765885, 37.94543335683321], [-87.90238875662615, 37.94527460019223], [-87.9021538552642, 37.94511655799541], [-87.90176079202175, 37.94471374983259], [-87.90155685468932, 37.94454319153446], [-87.90139890211628, 37.94432307184986], [-87.90144232398215, 37.94406450830426], [-87.90134570568178, 37.943782427704214], [-87.90115777183613, 37.94364858495779], [-87.90095514604401, 37.94353977635656], [-87.90094402939238, 37.94349024526657], [-87.8999325695016, 37.94450283937813], [-87.89849293751209, 37.945292452122736], [-87.89813620303805, 37.9454423876242], [-87.89807692680571, 37.945676484352596], [-87.8980815755873, 37.946057656171355], [-87.89827296615016, 37.946474262946005], [-87.89837241683864, 37.94698993271299], [-87.89847600876058, 37.94760719870554], [-87.898454105139, 37.94811705674264], [-87.89817095256817, 37.948881486872814], [-87.89770612561263, 37.94936467158599], [-87.89734682914339, 37.94948170635722], [-87.89703748080058, 37.94958240950824], [-87.89682156263719, 37.94970701142088], [-87.89686536449044, 37.950032792358705], [-87.89688426504402, 37.951097616761714], [-87.89698238622586, 37.95210336897468], [-87.89697257482634, 37.953598095297544], [-87.89690061887376, 37.955854576885805], [-87.89689734810781, 37.95666245014973], [-87.89684828661858, 37.95674094818852], [-87.89651467208498, 37.956891401465946], [-87.8962824494992, 37.95691756811497], [-87.89603060231772, 37.95699933538002], [-87.89574277760912, 37.95711708257504], [-87.89557924020995, 37.95716614408664], [-87.89537645451773, 37.95716614408664], [-87.8951344205324, 37.95715306045345], [-87.89475828514317, 37.95713670661698], [-87.89420963728675, 37.95717583285833], [-87.89409646483232, 37.957257085614124], [-87.89381992655694, 37.95751235167187], [-87.89330392527457, 37.95805117789856], [-87.89264650670863, 37.95907017601343], [-87.89258806860444, 37.9593002714791], [-87.89260633045586, 37.95942445177595], [-87.8927049439145, 37.95953402091026], [-87.8928035564748, 37.959698374659304], [-87.89301747498835, 37.960003537521025], [-87.89269429798007, 37.960251939439026], [-87.89241895536233, 37.9605983322084], [-87.89239088121306, 37.960844468516], [-87.89234468804452, 37.961004925328126], [-87.8923163749434, 37.96110324285305], [-87.89216253575606, 37.961227398853616], [-87.89189899340789, 37.96126626156935], [-87.89154225893384, 37.96130586934926], [-87.89114147826477, 37.96133534410194], [-87.88960621073181, 37.961848927869696], [-87.88914183023894, 37.96188597147096], [-87.888795111082, 37.96180252471797], [-87.88834342647905, 37.961054248422826], [-87.88701802785435, 37.960606736448], [-87.88663646843742, 37.9606006276864], [-87.88591006644417, 37.96176908678041], [-87.88591113903261, 37.96241803303611], [-87.88608092331626, 37.96306864641628], [-87.8860667371213, 37.963179422615916], [-87.88595992563738, 37.9633400853805], [-87.88565153040706, 37.963526858262], [-87.88550749633106, 37.963545961455814], [-87.88535690545177, 37.96356595843556], [-87.88473570516143, 37.96357063773513], [-87.88441088962605, 37.96368373759666], [-87.88420185615104, 37.96375916644509], [-87.88309642798994, 37.963864429443156], [-87.88205054555578, 37.964105559668795], [-87.88190132550562, 37.96418593647077], [-87.88188535166324, 37.96419454922693], [-87.88174834959926, 37.96442921297979], [-87.8817430154031, 37.96446917812378], [-87.88170558350353, 37.9647492607214], [-87.88164699178743, 37.96504480976366], [-87.88146180049836, 37.96514452840162], [-87.88126078358891, 37.96521983889355], [-87.88102972611806, 37.965381427789794], [-87.8809075372731, 37.96555448940574], [-87.88070842748702, 37.96578962968858], [-87.88066464809164, 37.96602357800932], [-87.88063636463494, 37.96625743705863], [-87.88054773325574, 37.96663929456872], [-87.88044136913283, 37.96683682373114], [-87.88037651885415, 37.96699581988766], [-87.88036590975064, 37.967021837047206], [-87.88030612507187, 37.96721903870096], [-87.88035494221934, 37.96740309782125], [-87.88037553609723, 37.967514737146075], [-87.88040477086984, 37.967673255928126], [-87.88045385571529, 37.96788193208485], [-87.88061371631, 37.968261911528984], [-87.88063481593937, 37.96872903320533], [-87.88054502124187, 37.969012511570305], [-87.88030004617234, 37.969309464057666], [-87.8800251796617, 37.969705029408104], [-87.87977916074978, 37.9699159107042], [-87.8794855194497, 37.970041051742086], [-87.87936127346275, 37.97004200423236], [-87.87908008730409, 37.96990881835726], [-87.87906739141418, 37.969903185553235], [-87.8789707731138, 37.969860449453655], [-87.87883278829291, 37.970009043105414], [-87.87871381631498, 37.97014783254938], [-87.87869486276081, 37.97016994657567], [-87.8785906438148, 37.97023306715239], [-87.87848699170576, 37.97029580172285], [-87.87838643878443, 37.97035665746958], [-87.87813940747118, 37.97048149961791], [-87.87764239387899, 37.97048519554113], [-87.87709817381862, 37.97044007467278], [-87.87624466380593, 37.970507934776975], [-87.87567377096815, 37.97044898625008], [-87.87546709197746, 37.97042764775121], [-87.87510997032953, 37.9704425780443], [-87.87479978745182, 37.97048179775623], [-87.874630093898, 37.97058142686273], [-87.87457016009887, 37.97076635072007], [-87.87457495979744, 37.971172080235675], [-87.87460866548524, 37.97139315267125], [-87.87467896853767, 37.972081229187175], [-87.87467929732105, 37.9721105841859], [-87.87454542498753, 37.97386966670308], [-87.87435141134405, 37.97503452131995], [-87.87422108645757, 37.975431756016], [-87.87395715783383, 37.97671006784383], [-87.87390872875856, 37.97682546226257], [-87.87377586972465, 37.977141784453956], [-87.87374770664219, 37.977387891504435], [-87.8737966423673, 37.97758431897749], [-87.87384501035713, 37.97773151266491], [-87.87386369711169, 37.97792129374543], [-87.87381154272292, 37.97792251591769], [-87.87381639991365, 37.9779407847705], [-87.87369346636532, 37.978052334428746], [-87.87353870281156, 37.97810267068298], [-87.87313512029712, 37.97813026791075], [-87.87262210231984, 37.97809718649925], [-87.8716109685175, 37.97798173247573], [-87.87041532884064, 37.97802744917231], [-87.8698882144999, 37.97811745213163], [-87.86963984290026, 37.978131579299244], [-87.86886372993581, 37.97818650464751], [-87.86849254246715, 37.97832448981692], [-87.86841842426969, 37.978339748474326], [-87.86824458768581, 37.978375510608274], [-87.86793330167691, 37.9783286314427], [-87.86783516252876, 37.97827969594883], [-87.8677145529221, 37.978219586018746], [-87.86758884627449, 37.97809754550265], [-87.86746212632725, 37.9778894344125], [-87.86744701756248, 37.97778017944757], [-87.8674281520432, 37.977643745405324], [-87.86731767453462, 37.97749699835249], [-87.86706784227432, 37.97738818961469], [-87.86666384114496, 37.97737886180869], [-87.86653196576631, 37.9774044617581], [-87.86640035898394, 37.977429973186084], [-87.86604365415428, 37.97748179900022], [-87.86574867077117, 37.97749625343206], [-87.86534553561773, 37.977560715929], [-87.86511239136047, 37.977550135518236], [-87.86484861095877, 37.97757665947643], [-87.8646748938508, 37.977631019469676], [-87.8646473865385, 37.97763963277293], [-87.86455607189153, 37.97780017750708], [-87.86452817650701, 37.978070872324864], [-87.86445396847803, 37.97836654122172], [-87.86436667828356, 37.978517608713865], [-87.86402201447198, 37.978791372566036], [-87.86377787393732, 37.97899861865136], [-87.86340808604389, 37.97925956725388], [-87.8629890956257, 37.979299532113714], [-87.86256968659258, 37.97930260164856], [-87.86227354078949, 37.979218709479966], [-87.86205491061227, 37.97912194071662], [-87.86202388639562, 37.97910492404989], [-87.86178913325568, 37.97897632672307], [-87.86158659729509, 37.978928642848096], [-87.8613077368747, 37.97899215171282], [-87.86110707839308, 37.97910429810387], [-87.8607903980009, 37.979391591904516], [-87.86073815467891, 37.97943900711617], [-87.85975044534592, 37.97999955975707], [-87.85882544111472, 37.98060883887384], [-87.85854741522924, 37.980746137619526], [-87.85820593953859, 37.98077322829296], [-87.85790994285585, 37.98070161287937], [-87.85773014595004, 37.98070292422192], [-87.85758372684694, 37.98070399694545], [-87.85660835587437, 37.980993914239185], [-87.85595541720676, 37.98121090555492], [-87.85592743288902, 37.981220203843286], [-87.85570811729723, 37.98122968056243], [-87.85446640302946, 37.98132400443961], [-87.85394971992581, 37.98143132324581], [-87.85334696743816, 37.98179699776317], [-87.85125341402411, 37.98359187324429], [-87.85102909212125, 37.9837111723001], [-87.8505694502415, 37.98406266057894], [-87.84975277744367, 37.98464651812402], [-87.84964927445495, 37.984700818362256], [-87.8494937949439, 37.984782415914246], [-87.84944393575067, 37.98480858253619], [-87.84917508885076, 37.98490612617165], [-87.84885602522816, 37.985021878709304], [-87.84870343739398, 37.9850892013933], [-87.84851598145207, 37.985171903740735], [-87.84820779463091, 37.985395450324255], [-87.84808536683411, 37.985556174921605], [-87.84797962793864, 37.98558091035669], [-87.84786843537108, 37.98560692800949], [-87.84768229007118, 37.985632915208164], [-87.84757538965405, 37.985793490601324], [-87.84740733372902, 37.98604064128388], [-87.84732698751169, 37.98613985278292], [-87.8471468914669, 37.98636220837031], [-87.84676262003612, 37.98672159454909], [-87.84685739140029, 37.98685615177511], [-87.84701388421098, 37.98695336771281], [-87.84695541107251, 37.98727353319728], [-87.84680160152956, 37.98740987924421], [-87.84658368730963, 37.987374593751525], [-87.84636577219139, 37.98733927779771], [-87.84607072951947, 37.98735367223166], [-87.84587117327065, 37.98756416581384], [-87.8455793789068, 37.98786138450451], [-87.84542571848421, 37.988010038710186], [-87.8453662616905, 37.98824410666538], [-87.84530695581374, 37.98849045260066], [-87.84515371220944, 37.988676001096685], [-87.84504538077606, 37.988713671185266], [-87.84482731653746, 37.98866604744495], [-87.8446092531972, 37.98861842296571], [-87.84433337338693, 37.988641222427056], [-87.84428327524185, 37.9886453344429], [-87.84341861983143, 37.98911883492732], [-87.84303235144579, 37.98930605267942], [-87.84270917533578, 37.9895788934296], [-87.84248121705266, 37.99002318590959], [-87.84242271516808, 37.990343322422206], [-87.84243413006041, 37.99039464211831], [-87.84250461187762, 37.99071161945602], [-87.84244640913204, 37.99105634354383], [-87.84213864002749, 37.991316786258146], [-87.84178229362563, 37.99140541787307], [-87.8411301589502, 37.99144696266679], [-87.84071197252418, 37.99156062842812], [-87.84051167067369, 37.99170961071228], [-87.84029640828047, 37.99190788585575], [-87.83997058034376, 37.99194710542482], [-87.83965971115319, 37.9919370325717], [-87.8395044418479, 37.99190311703562], [-87.83911447779317, 37.99181797202243], [-87.83889674233798, 37.99179490452309], [-87.83874233631369, 37.99188210618821], [-87.83852790935367, 37.992154141613064], [-87.83845462479279, 37.992286226602594], [-87.83839087764528, 37.992401054234314], [-87.83812733619544, 37.992452105591845], [-87.8379942687524, 37.99248473876824], [-87.83766247869717, 37.992566098994274], [-87.83743949887733, 37.99280585991863], [-87.83728896638854, 37.99289297118022], [-87.83725302479404, 37.99300842581347], [-87.83722161340349, 37.99297910041187], [-87.83701415916671, 37.99293961166549], [-87.83662461282859, 37.992844006461624], [-87.83625062351457, 37.99274828148927], [-87.83612396375446, 37.992540141861575], [-87.83610715537716, 37.99242960536401], [-87.8360654618699, 37.992358734769276], [-87.8360279410371, 37.99229489836193], [-87.83594899349667, 37.99218480892397], [-87.8357921144104, 37.99205066783942], [-87.83552687424636, 37.99195416944765], [-87.8351068103414, 37.99190797505872], [-87.83482687643425, 37.99188535572662], [-87.83459385165291, 37.991887024389364], [-87.83425231757178, 37.99191402528643], [-87.8339742620419, 37.99188604103231], [-87.83391009717779, 37.991879573105656], [-87.83353679327831, 37.991845330465125], [-87.83321981554379, 37.99184756620536], [-87.83299301968063, 37.99184920442659], [-87.83254246785326, 37.991852364055454], [-87.83238433741379, 37.99190654427112], [-87.83184598784379, 37.992090931570864], [-87.83139737368248, 37.9922662586852], [-87.83072902711112, 37.99258115079962], [-87.83070920758098, 37.99259047879714], [-87.83065547485226, 37.992615810081205], [-87.83026929539983, 37.992815277797405], [-87.8297108011096, 37.99289300162208], [-87.82851447511986, 37.992835841660266], [-87.82814063402786, 37.99281798925142], [-87.8264639258551, 37.992940447046784], [-87.82607536317222, 37.99293088122249], [-87.82545291063037, 37.99284916246987], [-87.82514204323641, 37.99283905929867], [-87.82473810229419, 37.99284189039553], [-87.82416366200934, 37.99288280925514], [-87.8237601091393, 37.99292253661143], [-87.82346545274297, 37.992973766717384], [-87.82320203076904, 37.993037094934294], [-87.82312701874788, 37.9930574810398], [-87.82240598059519, 37.99310504600141], [-87.82220508226337, 37.99297722434469], [-87.82213197736554, 37.99261327702399], [-87.82224740189639, 37.99150141220827], [-87.82197053843089, 37.991301557909786], [-87.82109595933152, 37.9909329332159], [-87.81990747204097, 37.99059005706551], [-87.8174455904958, 37.9904297208459], [-87.81720687398884, 37.99045976161257], [-87.81630630662829, 37.99051519384624], [-87.8158721167155, 37.99059199478738], [-87.81536091782665, 37.990730784248875], [-87.8149885966841, 37.99078252066883], [-87.81430445503509, 37.990738116002056], [-87.81402303082287, 37.990580223320926], [-87.81354017378125, 37.990472875417204], [-87.81329379823816, 37.99043228442141], [-87.81327260877724, 37.990435800930385], [-87.81292126958479, 37.99054553263472], [-87.81270481512718, 37.99058993883404], [-87.81227262127095, 37.99074315251107], [-87.81205661417435, 37.99083050197634], [-87.81189511505258, 37.99093892334661], [-87.81178809515951, 37.991068444847116], [-87.81173413066546, 37.991155398171244], [-87.81173299339831, 37.991157585790695], [-87.81164822657146, 37.99135436507913], [-87.81155635227411, 37.99142480124582], [-87.8109989817763, 37.99164223817402], [-87.81076010716582, 37.99178004866174], [-87.81054573410474, 37.99167592445085], [-87.8101445491938, 37.99136967624845], [-87.80990873873678, 37.991164491304865], [-87.8097127398165, 37.991427863901784], [-87.80940036684612, 37.99160548781736], [-87.80908799297744, 37.99180761171933], [-87.80879093179107, 37.991976047524886], [-87.80834074737464, 37.992309858188634], [-87.80798549961239, 37.99257629423703], [-87.80784462580954, 37.9925701697288], [-87.8076497452918, 37.99247332653857], [-87.80684764406617, 37.99182968594546], [-87.80635343142104, 37.99106668696177], [-87.8055140483145, 37.990670673190294], [-87.8052953588485, 37.99023424812549], [-87.8048848314586, 37.9887722949434], [-87.80457971597738, 37.988616250138364], [-87.80405066486891, 37.98855253224906], [-87.80358527197471, 37.98839553330854], [-87.80311451434164, 37.98738481803594], [-87.80254546844009, 37.98713909780579], [-87.80109799864975, 37.986921153340816], [-87.80080554761741, 37.98689737062905], [-87.7999471220235, 37.98701339190023], [-87.79933423743775, 37.98697116136823], [-87.79952577712093, 37.9866363628088], [-87.79948906028034, 37.98474701445723], [-87.79881493125347, 37.98456119688542], [-87.79759476487439, 37.984614452841676], [-87.79700387374176, 37.984462193537354], [-87.79688678014111, 37.984329305003826], [-87.79667139827195, 37.983573457817705], [-87.79611424426813, 37.98284860542584], [-87.79616201667493, 37.982259562661774], [-87.79626572986942, 37.98197337120293], [-87.79623163521113, 37.98186080790218], [-87.79598153345626, 37.981714954354686], [-87.79576308294209, 37.98163034626349], [-87.79552806210421, 37.98144750881741], [-87.7949819942093, 37.98122983279602], [-87.79448262613275, 37.98102416704052], [-87.79416904582662, 37.98081775582193], [-87.79407582405632, 37.98075639327449], [-87.79377878442952, 37.980586251461624], [-87.7934187423586, 37.98033045879988], [-87.79310659217042, 37.9801973015049], [-87.79287729270257, 37.98010029470284], [-87.7927559087481, 37.980030408459314], [-87.7924005154588, 37.97969024498649], [-87.79233003364159, 37.97965480920925], [-87.79229713104769, 37.97959130091796], [-87.79225919249828, 37.97951801682315], [-87.79221925789233, 37.97944094796486], [-87.79221604012697, 37.979140510206335], [-87.79221326792603, 37.978882988316336], [-87.7922647063575, 37.97862507890646], [-87.7925339997201, 37.97845159988065], [-87.79263249729607, 37.978342434263936], [-87.79274833864521, 37.978214075644374], [-87.79288066048657, 37.97791271446387], [-87.79285056063635, 37.97763391346606], [-87.79265732223895, 37.97731330088729], [-87.79236078836365, 37.97703932758791], [-87.79221916895912, 37.976908464954576], [-87.79172653734888, 37.97648255983949], [-87.79148001088883, 37.97624813500708], [-87.79126242365565, 37.97618522212246], [-87.79085600965143, 37.97620942255141], [-87.79072690557544, 37.97618477530382], [-87.79042131308883, 37.976126482090905], [-87.79028481767467, 37.97604157581413], [-87.79017431052168, 37.975849111781685], [-87.79003325615746, 37.97533502120614], [-87.78992388267835, 37.97524990653441], [-87.78977752286406, 37.975161363746444], [-87.78967828148303, 37.97510131216098], [-87.78932399042655, 37.97493200486239], [-87.78924567080851, 37.9748709992455], [-87.78918728750158, 37.9748256105691], [-87.78904989916202, 37.97465484318549], [-87.78904828938103, 37.974504640156574], [-87.78901750411625, 37.97416143584907], [-87.78893721628941, 37.973837603084974], [-87.78893593349518, 37.973720480366595], [-87.7888250104222, 37.973512191869595], [-87.78866652155496, 37.973218103107065], [-87.78849381774664, 37.973047127330624], [-87.78827450125654, 37.97287644928449], [-87.78799334653891, 37.972730774746225], [-87.78783604973604, 37.97254737198013], [-87.7877093001444, 37.972314585275555], [-87.78748882303096, 37.97203325190664], [-87.78734639693928, 37.97178824649414], [-87.78720397174594, 37.971543301873616], [-87.78715554267065, 37.97137146107577], [-87.78712279099369, 37.971211840592034], [-87.7871210913812, 37.97105481163206], [-87.78727952095964, 37.969719786345415], [-87.7874646233155, 37.96933536638072], [-87.78795862665318, 37.968721527164334], [-87.78861070114151, 37.96832342828455], [-87.7889764358364, 37.967989672090326], [-87.789737676293, 37.96713511997392], [-87.78971252346504, 37.96687059504864], [-87.78930956617805, 37.96675248743573], [-87.78829294905923, 37.96669121440237], [-87.78745353630828, 37.966333586342564], [-87.78655964522693, 37.96653192084831], [-87.78567368177796, 37.96595920948752], [-87.78498003235997, 37.96565755082739], [-87.78492421284484, 37.965164768573125], [-87.78494504387797, 37.965090382250416], [-87.78505090224937, 37.96481915159934], [-87.78507867815794, 37.96451156112463], [-87.78495231574018, 37.96431567020852], [-87.78473228508945, 37.96407120279073], [-87.7846940491977, 37.9639876664511], [-87.78463688849786, 37.963862794138315], [-87.78463256670302, 37.96345703626924], [-87.78467655540585, 37.9632108088567], [-87.78481278132543, 37.962877887101335], [-87.78490433402592, 37.96250681783209], [-87.7849616734905, 37.962274360496686], [-87.785098318025, 37.96197833356757], [-87.78512686738304, 37.96174450409313], [-87.78514069694684, 37.96158455529768], [-87.78513899823265, 37.961424726557055], [-87.78513661320558, 37.961198616024184], [-87.78513637515202, 37.96117879688046], [-87.78519600891384, 37.96094478850376], [-87.7852554046221, 37.960686164468065], [-87.78539276421557, 37.96046389894895], [-87.78559193329048, 37.960204349640804], [-87.7857608228521, 37.96001880069495], [-87.78618100623298, 37.95970858863395], [-87.78661376602784, 37.95921801239926], [-87.78675735364118, 37.959008740040204], [-87.78703645211512, 37.958746479959316], [-87.78704825418131, 37.95872630388882], [-87.78711325268202, 37.958681689297755], [-87.78725171450833, 37.95855780168203], [-87.78738898337195, 37.95832325657379], [-87.78743192913075, 37.95797865283249], [-87.7876123521623, 37.95742409134906], [-87.787636820474, 37.95732276289969], [-87.78765696609257, 37.957239317336345], [-87.78768644071536, 37.957091586753506], [-87.78766712963169, 37.95701827240556], [-87.7875862156791, 37.95692391871246], [-87.78754070792515, 37.95691342811441], [-87.78754326992032, 37.95689390742429], [-87.78748822475296, 37.95682747825039], [-87.78742653474745, 37.95672796789134], [-87.78700995720413, 37.95658774781189], [-87.78572869550429, 37.9565303492057], [-87.78370791910298, 37.956573026483554], [-87.78266820539987, 37.95673738615039], [-87.78235489369001, 37.956718937779236], [-87.78182089555926, 37.9564843350927], [-87.78160512651623, 37.956287579882314], [-87.7815274608717, 37.95624731633948], [-87.78130874176128, 37.95612581302333], [-87.78122916989173, 37.955941872255345], [-87.78119602924427, 37.955745355708565], [-87.78114751033746, 37.955561236910135], [-87.78106629994083, 37.95522977501947], [-87.78108027772664, 37.95508210555984], [-87.78109228820199, 37.95493133550023], [-87.7810939869162, 37.954909877036044], [-87.78110691996135, 37.95466388871122], [-87.78102639497929, 37.954393849906275], [-87.7809328453239, 37.95435758026406], [-87.78074726596262, 37.95443256394884], [-87.7805155230772, 37.95454479885753], [-87.7801454378414, 37.954793171780445], [-87.77985233193724, 37.95497958603286], [-87.77967253413311, 37.955042021268405], [-87.77849915650563, 37.9550098346808], [-87.77726599599598, 37.95485709747481], [-87.77720987824019, 37.95483870954671], [-87.77685591596709, 37.954690830346664], [-87.77666392892289, 37.95447747507426], [-87.77641618255068, 37.954114275349056], [-87.77630552627735, 37.95390038361522], [-87.77625268737235, 37.95355044522981], [-87.77624723280194, 37.95351444292018], [-87.77627006168827, 37.95310653899737], [-87.77626854173879, 37.95296172907145], [-87.77626755808355, 37.95287047480769], [-87.77613025957552, 37.95269967690044], [-87.77585786522856, 37.95257266037527], [-87.77555906759875, 37.95251028324979], [-87.7752605080225, 37.95246933550439], [-87.77504277166899, 37.95238490549938], [-87.7746888686847, 37.952237026317896], [-87.77422746880197, 37.95217566325526], [-87.77376785746493, 37.95228599192113], [-87.77344331052583, 37.95235251020332], [-87.77332714039328, 37.95235328583757], [-87.7729411702483, 37.95221595665534], [-87.77222469374064, 37.952117875862214], [-87.77142554348073, 37.952592061796075], [-87.77102869653429, 37.953234003682724], [-87.770236847781, 37.9536806808362], [-87.76992717245145, 37.95398168461887], [-87.76966112649858, 37.95410670548155], [-87.76864641650309, 37.95520739441733], [-87.7683329556729, 37.955866324173314], [-87.76694521127254, 37.95647572214059], [-87.76676088236614, 37.95650433257876], [-87.76643591771042, 37.9566171345039], [-87.76620503990263, 37.956815409548966], [-87.76597502537581, 37.957099693910045], [-87.76577660100426, 37.95743300238127], [-87.76555427605629, 37.95767723266343], [-87.76475488864114, 37.958245265233266], [-87.76446172254985, 37.958298492120534], [-87.76341190549476, 37.95818047554614], [-87.7631444599667, 37.95821248296477], [-87.76232152860625, 37.95823012564063], [-87.76162308038802, 37.958271550391736], [-87.7612975794381, 37.95833511962507], [-87.76098611556277, 37.95825107671115], [-87.7606743830912, 37.95814241722688], [-87.76042401363836, 37.95795958077163], [-87.7600330964711, 37.95770387642001], [-87.75951745720984, 37.95739980398219], [-87.75923627105118, 37.95724176236949], [-87.75871136297276, 37.957092451582994], [-87.7586443971616, 37.957073407623874], [-87.75836437432125, 37.95702605304541], [-87.75797587092717, 37.957003939310255], [-87.75768067913491, 37.95699356842581], [-87.75727730502962, 37.957033055974755], [-87.75668793384644, 37.957110601667765], [-87.75628506639096, 37.957199293719], [-87.75616132705383, 37.957249271708854], [-87.75595920701323, 37.95739640630005], [-87.75583761375131, 37.95748497901299], [-87.75561534629551, 37.957616228290824], [-87.75560604963064, 37.957621741628], [-87.75537397886013, 37.95770933025425], [-87.75503342753592, 37.95782216220178], [-87.75480126693391, 37.957897413624195], [-87.75479438224556, 37.95790000595936], [-87.75456922670614, 37.95798497288188], [-87.75439926365773, 37.95807214389414], [-87.75426065360939, 37.95818369470405], [-87.75424953695776, 37.958191830071456], [-87.7540910786332, 37.95830776143853], [-87.75398438572691, 37.95850520252092], [-87.75395431462277, 37.9586037585418], [-87.75399168723355, 37.9587457362652], [-87.75396424010836, 37.958804714728345], [-87.7539902274712, 37.95898114483151], [-87.75374763563211, 37.95886393254243], [-87.75367327938109, 37.95886628686178], [-87.75344371131696, 37.95879148335656], [-87.75321077726548, 37.958792972868736], [-87.75296216581566, 37.9587822743034], [-87.75280758102662, 37.95876695562668], [-87.75272899281231, 37.958759177296066], [-87.75252660507374, 37.95871131455082], [-87.75235685043451, 37.95863490096464], [-87.75198149029136, 37.958538700023695], [-87.7513134105196, 37.95847381993523], [-87.75072731908551, 37.95855267726192], [-87.75019257535307, 37.95876954793115], [-87.74978446263466, 37.95886783657616], [-87.74971707910689, 37.95886449916561], [-87.74951394666495, 37.95874278557007], [-87.74935739456545, 37.958620834498575], [-87.74921511849243, 37.95837580061904], [-87.74896337821048, 37.95805768988742], [-87.74879094210011, 37.957898962650724], [-87.74860372331342, 37.957814056541544], [-87.74848439560267, 37.957767744334575], [-87.74835424858261, 37.95771725885349], [-87.74815224801793, 37.957706290981186], [-87.74793484044781, 37.95770763248275], [-87.74768599094443, 37.95767231712757], [-87.74749901110962, 37.957612026000035], [-87.74724941600456, 37.957502950511135], [-87.74700006074968, 37.957418460420435], [-87.7466570660079, 37.95728536284961], [-87.74642299828253, 37.95717619692209], [-87.74628185408676, 37.957041819020404], [-87.74612431833202, 37.9568214895852], [-87.7459685414786, 37.95677327001104], [-87.7457038977959, 37.956713486704714], [-87.74543916338337, 37.95664139521418], [-87.74526872332956, 37.95667933248362], [-87.74506758784248, 37.95675440516886], [-87.74481936446489, 37.956780571158376], [-87.74460195599644, 37.956781941717075], [-87.74435295737273, 37.956704903528035], [-87.7442903726452, 37.95668553152553], [-87.74407233894932, 37.95662544995322], [-87.7436996602773, 37.95662780434433], [-87.74365462952873, 37.9566340338475], [-87.74351351587569, 37.95665355460664], [-87.74311037892565, 37.95671759909286], [-87.74253888960651, 37.9570286156629], [-87.74230866667055, 37.95730059188202], [-87.74220230164934, 37.957534898728554], [-87.74211149455053, 37.95776911487485], [-87.74195854918688, 37.95800371841572], [-87.74157490388185, 37.958175648579704], [-87.74097909537136, 37.95844443540261], [-87.74023671953572, 37.958641637426844], [-87.73995157001004, 37.95863695922979], [-87.73952459267063, 37.958459128024536], [-87.73896424874924, 37.95804770729299], [-87.73849718768358, 37.95724110719694], [-87.7389244030765, 37.956002850394626], [-87.73778100672162, 37.955537755693584], [-87.73750724334214, 37.95535694419564], [-87.73746125768446, 37.9552459897427], [-87.73757689062444, 37.95479055100288], [-87.73817454607116, 37.95425488477004], [-87.73803083988024, 37.954158860131564], [-87.73666330038724, 37.954037207445694], [-87.73552184169843, 37.953775990688406], [-87.73543073546062, 37.953574735286196], [-87.73509927329046, 37.95317782787334], [-87.73479832958544, 37.952900695990685], [-87.7345787462957, 37.95262305730835], [-87.73444046413245, 37.95234491252889], [-87.73441012443203, 37.95202319641073], [-87.73439862150484, 37.951872337196164], [-87.73437898163778, 37.951615619256415], [-87.7343787130415, 37.951587963185496], [-87.73437600102766, 37.95131515262623], [-87.73439492493743, 37.951295364108006], [-87.7344116740259, 37.95127784018628], [-87.73442106142063, 37.95125095821739], [-87.73449747571196, 37.9511275170815], [-87.73478944794223, 37.95081828820964], [-87.73480375361312, 37.95069523523513], [-87.73474030470629, 37.95056037866837], [-87.73469583989635, 37.95037503841016], [-87.73443116477262, 37.95006634543584], [-87.733712064286, 37.94960819411694], [-87.73239325121065, 37.94836874607444], [-87.73224817419057, 37.94832779743735], [-87.73062695764787, 37.94862063501492], [-87.7299955048852, 37.9488361359667], [-87.72975774238907, 37.94896810057233], [-87.72969387576562, 37.949042397677204], [-87.72961793937803, 37.949215013269665], [-87.72948001474424, 37.94940032386935], [-87.7293106472789, 37.94954897804953], [-87.72907872562874, 37.94964878643974], [-87.72887836538777, 37.94970532054811], [-87.72886054371084, 37.949715542287656], [-87.72876779894595, 37.94974251407269], [-87.72875015513547, 37.94976197503536], [-87.72837181528052, 37.94987161737793], [-87.7281084813415, 37.94993757044583], [-87.72799454711569, 37.94993828518615], [-87.72762186934199, 37.949940580288924], [-87.7274815291384, 37.9498799619255], [-87.72723270927943, 37.949844616597325], [-87.72704698169612, 37.94990726091492], [-87.72676904474385, 37.950068788582676], [-87.72664530630504, 37.95011876859067], [-87.72642792837932, 37.95012010952244], [-87.72619463500172, 37.950084675056], [-87.72594653110004, 37.95012308960682], [-87.7257155625624, 37.9503212752185], [-87.72550009176003, 37.95051934199952], [-87.72542332173585, 37.95060588718246], [-87.72513108001097, 37.950890500168825], [-87.72488452480484, 37.95108877508799], [-87.7248506690984, 37.951112378146824], [-87.72471965789907, 37.95117341342178], [-87.72383184751388, 37.951346058716574], [-87.72335718580258, 37.95134406187367], [-87.72313772109047, 37.95162941930823], [-87.72311998834677, 37.95167757921613], [-87.7230923022697, 37.952022065183826], [-87.72312743897373, 37.95243992306932], [-87.72292883673576, 37.952773142893136], [-87.72268326518487, 37.953069795551926], [-87.72240687782644, 37.95339118408726], [-87.7217745321384, 37.95383774128601], [-87.72110812233475, 37.95397709749909], [-87.72030050904657, 37.95396976419839], [-87.71970967899938, 37.9540952632007], [-87.71827094083358, 37.95477484616841], [-87.71761093871285, 37.95529287019052], [-87.71677745753776, 37.956347962051545], [-87.71658740726129, 37.956713994555614], [-87.716525806189, 37.95750640768489], [-87.71667204562905, 37.95808135516118], [-87.71678586127723, 37.95825814256101], [-87.71681822578027, 37.95839323643687], [-87.71671070013572, 37.958516826851636], [-87.71659834514818, 37.95856218523888], [-87.71652506148561, 37.9585917496279], [-87.7163244919372, 37.95872824457691], [-87.7162739464311, 37.95878927919012], [-87.71617097883829, 37.95891361475572], [-87.71586157120667, 37.95903845723738], [-87.71556625993848, 37.959015658495474], [-87.71548299239986, 37.95898332278589], [-87.7152544681781, 37.958894601016496], [-87.71502129517474, 37.95887144454905], [-87.71446375220039, 37.959034672203316], [-87.71401549646687, 37.95925872619317], [-87.71391842900884, 37.9593409207744], [-87.71372283792373, 37.95950644289746], [-87.7134147409341, 37.959766527291364], [-87.7132451066691, 37.95989053539878], [-87.71308882316586, 37.9599813432315], [-87.7129670798853, 37.96005206377909], [-87.71275086437957, 37.960176339837254], [-87.71256677532334, 37.96041109221511], [-87.71248157011865, 37.960767469292904], [-87.7123577714927, 37.96128543263556], [-87.71233062170988, 37.96169137035956], [-87.71228785561414, 37.96208511972677], [-87.71210266342675, 37.96220921669933], [-87.71190146775257, 37.96228422919722], [-87.71182958456353, 37.96234201567464], [-87.7117319520652, 37.96242051401731], [-87.71160949462397, 37.962605706314775], [-87.71147279169898, 37.96292620111286], [-87.7114446277182, 37.96297740116794], [-87.71135069178726, 37.963148317532024], [-87.71115032974966, 37.96330936847809], [-87.71088687813133, 37.96337246024942], [-87.71084190577325, 37.963374338490006], [-87.71054531350747, 37.963386824680704], [-87.71023539832773, 37.96346246347153], [-87.71000386385144, 37.96361144614395], [-87.70985091938611, 37.963858268543476], [-87.70969812224449, 37.964117429576525], [-87.70939291693176, 37.96468492507723], [-87.70913244412694, 37.96505536789748], [-87.70888690222044, 37.96536426912724], [-87.7087344338622, 37.965660325607736], [-87.70855123862968, 37.965993426672966], [-87.70852143702012, 37.96604757782393], [-87.70842714176307, 37.966219029529306], [-87.70836804429548, 37.96632652693533], [-87.7082457952634, 37.966536306053776], [-87.70820028661112, 37.96664726044696], [-87.70823277148841, 37.96679463187073], [-87.7083427719916, 37.96692921925985], [-87.70839596932441, 37.967007330978745], [-87.70848457105919, 37.967137418788575], [-87.70845828545566, 37.9672346041922], [-87.7084373349466, 37.96731197056243], [-87.70842457976788, 37.96735911879691], [-87.7082234730269, 37.96744640899019], [-87.70789791278816, 37.967509858386684], [-87.70755655657346, 37.96754878009873], [-87.70716757707228, 37.96760862257146], [-87.70634714841825, 37.96799343116795], [-87.70551339864684, 37.968281083601624], [-87.70537445981512, 37.96838577852484], [-87.70498792373151, 37.9685725201591], [-87.70449266904065, 37.96875994684011], [-87.7042443854759, 37.96878602427832], [-87.70393366540564, 37.968775592737565], [-87.70369864456775, 37.968567930409684], [-87.70347792940078, 37.968224966041504], [-87.70331884405216, 37.967832438652565], [-87.7029409210155, 37.967293643116626], [-87.70287705439206, 37.96710958301375], [-87.70281291917235, 37.96690090749472], [-87.70277834840695, 37.96653222254365], [-87.7026269831799, 37.96624355689485], [-87.7025865410258, 37.966166369992074], [-87.7025793877412, 37.965362779748304], [-87.70239565711277, 37.96474375570977], [-87.70240272056584, 37.96460389300639], [-87.70238367628181, 37.96423511932467], [-87.70231817113131, 37.96387889222228], [-87.70223850943022, 37.963670335003414], [-87.7020827325768, 37.9636220845142], [-87.70206270553585, 37.96362220491386], [-87.70187936208131, 37.96362327788696], [-87.70174104937534, 37.96362411218558], [-87.70166865863816, 37.96363540637774], [-87.70057571795783, 37.96369825990285], [-87.69919232320008, 37.96364753699115], [-87.69760990938606, 37.96321328697818], [-87.69683928243307, 37.96314524873814], [-87.69494659411319, 37.963239156040096], [-87.6948727741564, 37.96328368004122], [-87.69454858384846, 37.96349465060444], [-87.69425523989074, 37.96368082605274], [-87.69400799927004, 37.96381752897025], [-87.69363630515157, 37.963930420940045], [-87.69340322108143, 37.96391948303308], [-87.69320005809676, 37.96378546237826], [-87.6930427918366, 37.96357729229774], [-87.69299698494365, 37.96351116096137], [-87.69293255327987, 37.96341808830821], [-87.69276020610273, 37.96325924234119], [-87.69257304750317, 37.96317427585472], [-87.69237101729409, 37.963163130321504], [-87.69212058765413, 37.96317990846674], [-87.69111267341377, 37.962872736069606], [-87.69066775402322, 37.96258425009272], [-87.69037676454987, 37.96253525523417], [-87.68962809960894, 37.96269898822079], [-87.68780628387339, 37.96265178245922], [-87.68743569198776, 37.962699673799044], [-87.68727320921074, 37.96279957197375], [-87.68705910923751, 37.96315743750804], [-87.68687662906396, 37.96357657839833], [-87.68673983630744, 37.96389710224595], [-87.6864316207402, 37.96415712718005], [-87.68609139819937, 37.96431895354613], [-87.68572667680412, 37.96453400758934], [-87.68562800136175, 37.96459218181941], [-87.6854126194926, 37.9648147754982], [-87.68485555532028, 37.96503936638926], [-87.6845459383812, 37.965151840048236], [-87.6842826942737, 37.96523945864575], [-87.68412900330839, 37.96541249155944], [-87.68410057252797, 37.965695493354445], [-87.68410259822893, 37.9659146601967], [-87.6841032845418, 37.965990596664824], [-87.68402803356877, 37.966249250885554], [-87.68384382593491, 37.9664839448986], [-87.68362695376072, 37.96654670816805], [-87.68320861821438, 37.96665980840306], [-87.68268293578821, 37.96692108415213], [-87.68234303933583, 37.96711980587234], [-87.68221891282481, 37.96719025963646], [-87.68208039170968, 37.96726887814734], [-87.68191078619077, 37.96740513459477], [-87.68176311573448, 37.9675152831648], [-87.68169480963692, 37.96756624560748], [-87.6814939113051, 37.96767806385728], [-87.68124521182037, 37.96765490732671], [-87.68089741738002, 37.96751978374746], [-87.68087104284328, 37.967509531200314], [-87.68051359331027, 37.96748697091744], [-87.67992297167221, 37.96744122499368], [-87.6796276002169, 37.96741833679489], [-87.67913022909522, 37.96738433273255], [-87.6786795874363, 37.967362337552515], [-87.67835364002369, 37.967388802162525], [-87.67829138318122, 37.967426353578716], [-87.6782300794513, 37.967463308674674], [-87.67809176674533, 37.967623942944826], [-87.67798409198042, 37.96773525474843], [-87.67768883910273, 37.96772464530186], [-87.67748588542553, 37.96761515141766], [-87.67717448083903, 37.96753086983914], [-87.67686462584639, 37.96761872709208], [-87.67658573578159, 37.9676940994919], [-87.67640024625184, 37.967793548251386], [-87.67615422733992, 37.968065494518356], [-87.67603188937463, 37.96827524317353], [-87.67575398296508, 37.96846126911253], [-87.67541384845916, 37.96863537441538], [-87.67511680883237, 37.96875512056904], [-87.67507338696649, 37.96877261411816], [-87.67471683125717, 37.96884843219671], [-87.67431345715188, 37.96889989935605], [-87.67390892062662, 37.968828464274694], [-87.67353558618443, 37.968769127731036], [-87.67311734046962, 37.96889447609658], [-87.67268413421206, 37.96908139631483], [-87.67257538506206, 37.969116324474406], [-87.67163097991568, 37.969419444765435], [-87.67088821600784, 37.96973108738992], [-87.6705167895873, 37.96988075418521], [-87.6700509196877, 37.969895715749125], [-87.66996285334882, 37.96985944597261], [-87.66978585739008, 37.969786548738135], [-87.66941309068315, 37.969788694504274], [-87.66922771973101, 37.969900393937124], [-87.66920426561727, 37.969933445050664], [-87.66904366031918, 37.9701596448267], [-87.66887515793144, 37.97041886576595], [-87.66864350487755, 37.970567757841714], [-87.66831764549983, 37.97060650159942], [-87.66803795054453, 37.97059577217959], [-87.66747844205635, 37.97056206560234], [-87.66732874500076, 37.97054811826835], [-87.66688907087315, 37.97054063790734], [-87.66614890040155, 37.97036823176889], [-87.66555866503907, 37.97058960334669], [-87.66495862456526, 37.97065102538216], [-87.66479593427741, 37.97075292038489], [-87.66500407392874, 37.97131850922363], [-87.66470441122131, 37.97214543371585], [-87.66316771357042, 37.97344716992838], [-87.66268387287356, 37.973962124194244], [-87.66266324935127, 37.97403233841646], [-87.66266578260037, 37.974315162526935], [-87.66282564319506, 37.97481840468833], [-87.66296833608638, 37.975137318758776], [-87.66315695534658, 37.97538220465092], [-87.66340690798113, 37.975540633509155], [-87.6636262819634, 37.975748446061175], [-87.66366714093579, 37.97582593162817], [-87.66373851837331, 37.97596132316502], [-87.6637684987476, 37.97601815637904], [-87.66366264127453, 37.97633847225217], [-87.66357254833638, 37.97645169123513], [-87.66341689095889, 37.97664728423068], [-87.66323202755488, 37.97682046516015], [-87.66314104169133, 37.977066930880326], [-87.66311296754205, 37.977399078072395], [-87.66324064060181, 37.97777956411167], [-87.66328006855795, 37.977913316344825], [-87.66335281682463, 37.9781601395225], [-87.6633873283012, 37.97854113214861], [-87.6633755558794, 37.97895928878004], [-87.66341039434273, 37.97937717679044], [-87.66333469690701, 37.97959893684213], [-87.6632734533642, 37.979697641570006], [-87.66317742974854, 37.979730870956395], [-87.66302335160931, 37.97985851459829], [-87.66286829071319, 37.9801563295452], [-87.66289171428423, 37.98043760345744], [-87.66274112340494, 37.980967220872095], [-87.66266801850712, 37.98147177477698], [-87.66287392315002, 37.981913295452664], [-87.6629857705894, 37.982257005881245], [-87.66303589927722, 37.982650188262355], [-87.66333472744974, 37.98305424765896], [-87.66360086143749, 37.98327413019654], [-87.6640380319604, 37.98351758489385], [-87.66432133275325, 37.98392176412873], [-87.66435539776712, 37.98425358292299], [-87.66435664822201, 37.98425987168135], [-87.66443440279974, 37.98440071792], [-87.66485974251036, 37.98504999090242], [-87.66540837240046, 37.98558798207276], [-87.66597333545906, 37.98621189407043], [-87.6663195488645, 37.98670181486384], [-87.6665228609695, 37.98684820366608], [-87.66674125219484, 37.98694535872564], [-87.66719481427673, 37.98727479415404], [-87.66746124740348, 37.987531510624486], [-87.66763439857282, 37.98777645640433], [-87.66777578082213, 37.987947820543084], [-87.66793269045111, 37.9881190639221], [-87.66795101877786, 37.98842635582538], [-87.66781354060677, 37.98868536853027], [-87.66778853600086, 37.988750337323765], [-87.66768801362223, 37.98926660301897], [-87.66728437092067, 37.990075199647976], [-87.66696292227098, 37.99039485946656], [-87.6669528198173, 37.990398882887305], [-87.66686675043329, 37.990510641575554], [-87.66671350682897, 37.99074515607024], [-87.6665282858955, 37.99088147159439], [-87.66629573811957, 37.99094426568473], [-87.66596955175507, 37.99094611348512], [-87.66558119748133, 37.990960597123504], [-87.66550529073814, 37.990974932085464], [-87.66537955444613, 37.99099862497929], [-87.66532313844965, 37.99104741181362], [-87.66529607849836, 37.99107083565607], [-87.66517913401805, 37.991171895935366], [-87.66516402435498, 37.99122118885076], [-87.66516536553969, 37.991368739610245], [-87.66527700456994, 37.99168783379416], [-87.66537085246597, 37.99193581912836], [-87.6652840374803, 37.99233889501166], [-87.66501498306954, 37.992786139217856], [-87.66489186895984, 37.993241369175436], [-87.66478467030205, 37.99334976008047], [-87.66432800993076, 37.99351277869198], [-87.66424861592762, 37.99362164776586], [-87.66462323136739, 37.9942120902309], [-87.66542014572057, 37.994892388562974], [-87.66543182920915, 37.995790750136045], [-87.6656313243725, 37.99615228255291], [-87.6658157125677, 37.99683317523435], [-87.66623368968628, 37.99709373760425], [-87.66623595523743, 37.99709740316297], [-87.66646134972872, 37.997226893967955], [-87.66697693059952, 37.99753135432286], [-87.66738394108509, 37.99786105723028], [-87.66751048136928, 37.99810630123316], [-87.66741836273015, 37.998229772406106], [-87.66707775121881, 37.99836698296216], [-87.666935863218, 37.99840074826683], [-87.666907610304, 37.99845400479533], [-87.66689428918664, 37.99870002337588], [-87.66695788721383, 37.99885952531751], [-87.66691234891711, 37.99898272763924], [-87.66675678047285, 37.998959034492714], [-87.66653844943461, 37.99887418790609], [-87.66631999802213, 37.9987770620946], [-87.66583764673202, 37.99870601428806], [-87.66553026569967, 37.99873542871833], [-87.6651545174843, 37.99877134018789], [-87.6645746244257, 37.99896293922573], [-87.66345030110094, 37.99933430556759], [-87.66309422329535, 37.999483914116276], [-87.66286259898754, 37.99964505523175], [-87.66239818974859, 37.99984443304393], [-87.66190251734112, 37.99995961835805], [-87.66150650403127, 38.00036296373863], [-87.66130003344973, 38.00041622096582], [-87.66095873742216, 38.00047963973614], [-87.66071030473708, 38.00050562732936], [-87.66050887190765, 38.00056824187454], [-87.66047912868859, 38.000715972036744], [-87.66060605704497, 38.00101038948019], [-87.66076287684244, 38.00116938451659], [-87.66080796777813, 38.001280726140585], [-87.66084235888047, 38.00136566267382], [-87.66073554739656, 38.00158760118876], [-87.6603407863382, 38.00171810551566], [-87.66021052074055, 38.00195944408084], [-87.65996584301335, 38.0024034994725], [-87.65970471533666, 38.002736957594244], [-87.65921041286, 38.003071726558076], [-87.65893167191555, 38.00318396284925], [-87.65862122133987, 38.003222586041176], [-87.65841880485522, 38.00317454559399], [-87.65815338502811, 38.003040791983665], [-87.65793439732141, 38.00288212449428], [-87.65768411680179, 38.00269910854102], [-87.65744936366185, 38.00251594348091], [-87.65718424297373, 38.00240677756696], [-87.65663960519677, 38.00232368904556], [-87.65642255515613, 38.00238642237446], [-87.65606704239084, 38.002597452555456], [-87.65572780260696, 38.00289446310122], [-87.65548145670829, 38.0031540702798], [-87.65532892906126, 38.00347459542767], [-87.65525549538002, 38.0039545916303], [-87.6550730753936, 38.00441059672105], [-87.65484249402984, 38.00469470242973], [-87.6545646469091, 38.004905285694456], [-87.6544802474932, 38.00491914368194], [-87.65433186197794, 38.00494346275189], [-87.65405237543179, 38.00496962926088], [-87.6538206918352, 38.00513076964724], [-87.65363541071459, 38.005267056312505], [-87.65344598746219, 38.00542748255286], [-87.65335777200298, 38.00550222650095], [-87.65320324650276, 38.00560146830509], [-87.65295493419191, 38.00563973489412], [-87.65267476223121, 38.00559211081787], [-87.65248822975741, 38.00563293974825], [-87.65222501529433, 38.00569293166277], [-87.65188467237925, 38.00586697765806], [-87.65168025893972, 38.006047162195685], [-87.65145408920233, 38.00638583595645], [-87.65102922649712, 38.00730899223766], [-87.65048664496382, 38.00889373118845], [-87.65036317422297, 38.009564403285815], [-87.65012186517811, 38.01038959941196], [-87.65006303630676, 38.010771129616565], [-87.65003457498362, 38.01106641051516], [-87.65002164014186, 38.011361572026324], [-87.64997705585597, 38.011595462127225], [-87.64990010706705, 38.01168197777749], [-87.64971372281529, 38.01169526897651], [-87.64869060908032, 38.01199606389882], [-87.64830413228552, 38.01223183108877], [-87.64770146873107, 38.01262864852778], [-87.64753180392337, 38.01277715415849], [-87.64717620312321, 38.01298812470711], [-87.64682122755048, 38.01327291554762], [-87.6466102573077, 38.01348960825899], [-87.64643618177195, 38.01366851143598], [-87.64642962496868, 38.013677899033354], [-87.6462212769082, 38.01397711462128], [-87.64595931469661, 38.01423678235017], [-87.64569782859213, 38.014545624482786], [-87.64548259674164, 38.014817361395934], [-87.64522054469853, 38.015064691006785], [-87.64489555039842, 38.015226338590544], [-87.64457034768915, 38.01536340056579], [-87.64432361371827, 38.01558608299972], [-87.64412298488102, 38.01574707549095], [-87.64361202314743, 38.01597115876815], [-87.64317780359022, 38.01608419981402], [-87.64254110646294, 38.016149168399586], [-87.64212178726135, 38.01618838845152], [-87.64199867494828, 38.01617756944624], [-87.6418573519878, 38.01616517291797], [-87.64149978297884, 38.016154859933415], [-87.64128228557719, 38.01616833079152], [-87.64100327693478, 38.01625595004981], [-87.64076265240614, 38.01633361506024], [-87.64061578684036, 38.01638102974959], [-87.6400106196812, 38.016494994449324], [-87.63983135996796, 38.01651138601651], [-87.63929619941722, 38.0165603512103], [-87.63893842199911, 38.01652539255501], [-87.63841017578113, 38.016552870586], [-87.63811593710139, 38.01667741474192], [-87.63782214578266, 38.01685119191148], [-87.63780471127963, 38.0168607885861], [-87.63757463746401, 38.01698777596938], [-87.63731103582704, 38.01706299716398], [-87.63701572455885, 38.01706454706498], [-87.63675087156868, 38.01699224662446], [-87.63639258750077, 38.016817038780026], [-87.63633863288818, 38.016869971243715], [-87.63623042182905, 38.016976129051756], [-87.63611239577713, 38.01730323001568], [-87.63600056001583, 38.017625103067225], [-87.63597413786839, 38.01770114809125], [-87.63589799756322, 38.01838646269569], [-87.6361189534787, 38.018544682624395], [-87.63646984710678, 38.018775188225895], [-87.63681380933411, 38.01901798511845], [-87.63747447441152, 38.019302394435904], [-87.63845152613197, 38.01976850047835], [-87.63872356744103, 38.02014702868501], [-87.6387359543105, 38.020278507013145], [-87.63873595341218, 38.02048083708281], [-87.63864827694212, 38.02063595920808], [-87.63848978537992, 38.02081131078181], [-87.63822338369421, 38.02087875488952], [-87.6378052323025, 38.020888872597254], [-87.63744103552338, 38.020922593561664], [-87.6371712624604, 38.020979921288586], [-87.63698916317254, 38.02119236850279], [-87.63678008837499, 38.021556563203994], [-87.63665570494581, 38.02203953353162], [-87.63687091523674, 38.02219546476006], [-87.63721578835576, 38.02233666770415], [-87.63754233224975, 38.02244938048226], [-87.63781621600347, 38.02274832814712], [-87.63791921234238, 38.02281904906919], [-87.63827108872738, 38.023060626004366], [-87.63847216492562, 38.02330276968415], [-87.63852840215735, 38.023531383618526], [-87.63869428146447, 38.023888177398526], [-87.6387070671859, 38.023911304152115], [-87.63885965502006, 38.02418778013707], [-87.63906311534707, 38.0243147088271], [-87.63913246528702, 38.02435795102026], [-87.63965931103148, 38.024626946935044], [-87.63987773190124, 38.02478314085396], [-87.64053293612, 38.02525172344359], [-87.64115115669853, 38.025620348283994], [-87.64147856477183, 38.025833196009415], [-87.64175197152012, 38.02607492363915], [-87.64182594149557, 38.026142186702415], [-87.64197077956376, 38.02627403285489], [-87.64225580961352, 38.02634096810369], [-87.64238765444946, 38.02637190346027], [-87.64257025409896, 38.02657122132605], [-87.64268040372247, 38.02675662110696], [-87.64260956347748, 38.02692869943403], [-87.64255693208328, 38.02711499415764], [-87.64250415246708, 38.027287012910605], [-87.64241808308309, 38.02778822879423], [-87.64236557116485, 38.02798879881792], [-87.64233240177128, 38.02833238956139], [-87.64231806555766, 38.02876169227817], [-87.64225008734516, 38.02926281882168], [-87.64221629002922, 38.02953482382814], [-87.64216377990762, 38.02973545346119], [-87.64204016004642, 38.03007952071306], [-87.64161365881414, 38.030954607534404], [-87.64143553097814, 38.031270363029066], [-87.64109730359557, 38.031901725590096], [-87.64099353201058, 38.03207353569081], [-87.64077636339232, 38.032432862007646], [-87.64058014438481, 38.03274870665162], [-87.64051028779505, 38.03303525682697], [-87.64053123920243, 38.03336421420546], [-87.64053371226441, 38.03365034663685], [-87.64060732381205, 38.033793040259006], [-87.64084446108075, 38.034020670507886], [-87.64100646685235, 38.03418485176608], [-87.64102697089871, 38.034205653792036], [-87.64102786472242, 38.03431020015648], [-87.64102923555154, 38.034463145591005], [-87.6410859794331, 38.03474903953154], [-87.6411063038164, 38.03500644309987], [-87.64109295305464, 38.035550185865894], [-87.64095088539078, 38.03585145739544], [-87.64109894391927, 38.03623695024216], [-87.64135321655202, 38.03635005058862], [-87.64155727336039, 38.03649861498527], [-87.64162632505965, 38.036548861601254], [-87.6416290379718, 38.03686360456662], [-87.64177772082942, 38.037320652281615], [-87.64201643823472, 38.03771991418413], [-87.64225420162916, 38.03801912994776], [-87.64238306585499, 38.038275966626095], [-87.64249422877813, 38.038575807678896], [-87.64247801688221, 38.03879050397732], [-87.64240816029245, 38.039077053155566], [-87.6420657018449, 38.03922201153597], [-87.64168882085396, 38.0395674499347], [-87.64154484606675, 38.039732108347806], [-87.64097231380356, 38.04038689520104], [-87.64082970984548, 38.04063088688279], [-87.64085116700434, 38.04101709531002], [-87.64083966407713, 38.041204372981454], [-87.6408353126379, 38.041274706780754], [-87.6405290338384, 38.04141945634857], [-87.64050212210913, 38.04142645971364], [-87.64002361560841, 38.041550974324835], [-87.63978954878137, 38.041681031827], [-87.63960915539421, 38.04203606473792], [-87.63934489798709, 38.04255620714017], [-87.63909607812812, 38.04307265075202], [-87.638652530465, 38.04407660199006], [-87.63845872612899, 38.04467857914991], [-87.63837149432499, 38.04505104883188], [-87.63823464227967, 38.045497010757], [-87.63820296229285, 38.045776705481046], [-87.63819542273266, 38.04606814259494], [-87.63816761628136, 38.047142874706566], [-87.63806748107665, 38.04754222524768], [-87.63814505599133, 38.04814271309691], [-87.63825532509077, 38.048351209856], [-87.63832580780627, 38.048484396196734], [-87.638439414147, 38.04869912286581], [-87.63850196923013, 38.04876799573603], [-87.63874992401148, 38.04904083520209], [-87.63913261620398, 38.04935352181099], [-87.63935231896964, 38.04965276643692], [-87.63934960785411, 38.04972771994375], [-87.63933771595639, 38.0500534883733], [-87.63928180660972, 38.05024344872487], [-87.6392322753016, 38.050411742485885], [-87.63928866165365, 38.05065466160183], [-87.63935473274282, 38.05106226802229], [-87.63936513433549, 38.05112640199719], [-87.63954892604934, 38.051454466741], [-87.6396238185946, 38.05152843584605], [-87.63981816012317, 38.051720333427944], [-87.63982268942883, 38.051724833795724], [-87.64049035148396, 38.052132797142335], [-87.64049574586726, 38.0521361055519], [-87.64082279551273, 38.05229170320356], [-87.64102580937706, 38.052748424017814], [-87.6411581024723, 38.05339155803046], [-87.64129200445025, 38.05378629006686], [-87.64138096371452, 38.0540484608162], [-87.64156612625752, 38.05453394093996], [-87.64180386000757, 38.05481879098435], [-87.64214962605199, 38.055045825362214], [-87.64220106538178, 38.05507732649982], [-87.64240431640134, 38.05520181082181], [-87.64257055413626, 38.055587214530284], [-87.64259087941788, 38.055844647413565], [-87.64246961314272, 38.05646054227267], [-87.64218449505806, 38.056962890411484], [-87.64189746895174, 38.05725054263578], [-87.64155593397231, 38.05751000111037], [-87.64121359410235, 38.057683540661955], [-87.64081606084305, 38.05774293683538], [-87.64072957553907, 38.05774001558565], [-87.64045402271556, 38.057730598268016], [-87.64014679080356, 38.057775182331646], [-87.64000317354581, 38.05790476256984], [-87.63993981267387, 38.057984692832555], [-87.63987788371651, 38.05806283489983], [-87.63964405584132, 38.0582214720369], [-87.63896077747329, 38.05872596610618], [-87.63889151646656, 38.05875594705536], [-87.63872641150724, 38.05882738367109], [-87.63866180018042, 38.058884961828234], [-87.63859513260992, 38.05894432731945], [-87.63856479380783, 38.058971358686144], [-87.63856646287762, 38.05897886963715], [-87.63860249340534, 38.059142841448995], [-87.63865926693131, 38.05942867581077], [-87.63871553380746, 38.0596572894484], [-87.63868120109561, 38.059872103583444], [-87.63864773346138, 38.059913618767716], [-87.63848426792745, 38.06011639317371], [-87.63830447012333, 38.06024615316436], [-87.6382334214692, 38.060403926907966], [-87.63833418369799, 38.06048248652689], [-87.6383427365578, 38.060489161296786], [-87.63858058888546, 38.060788346958624], [-87.63849186587812, 38.06098912508176], [-87.63827857169369, 38.06130866592034], [-87.6380988637211, 38.0615779002786], [-87.63789614899578, 38.06177084092767], [-87.63781168849444, 38.06185124721401], [-87.63777625444807, 38.06185893681239], [-87.63726982291843, 38.06196866769009], [-87.6370908300048, 38.0620916917759], [-87.63701796316053, 38.06214173056956], [-87.6370190662917, 38.06227050667782], [-87.63722023232148, 38.06251261974603], [-87.63729536381858, 38.06282700567539], [-87.63717251830516, 38.063271208534765], [-87.63710561268113, 38.06340865802475], [-87.63697695506782, 38.06367288498549], [-87.6369064130635, 38.06388787829382], [-87.63676434539964, 38.06420339771308], [-87.6366763697906, 38.06449003484982], [-87.63676848842972, 38.064675524643945], [-87.63694992476091, 38.064731791188905], [-87.63716059766135, 38.06482355275253], [-87.63740408242586, 38.064929619140166], [-87.63764130952609, 38.06515727918893], [-87.63798627157833, 38.06528414748342], [-87.63834980001087, 38.06546817691539], [-87.63856834035657, 38.06562437072276], [-87.63856983066162, 38.065796062091536], [-87.6379921124243, 38.06595657717317], [-87.63761368273784, 38.066144629834625], [-87.63745301815095, 38.06640304541998], [-87.63758382004283, 38.066874489818375], [-87.63765770018676, 38.06704579281067], [-87.63724112354173, 38.067005112673954], [-87.6365358220762, 38.06706617813353], [-87.63613930211652, 38.067254319883155], [-87.6358704552166, 38.06755624739366], [-87.63572802912493, 38.06782884920878], [-87.63542336010643, 38.06817390014524], [-87.63517319996107, 38.06854723472094], [-87.635111836044, 38.068586006629026], [-87.63457920874238, 38.06892244505066], [-87.63423612416906, 38.06901012426126], [-87.63414746314547, 38.069225236963504], [-87.63420375966601, 38.069453850402915], [-87.63420700797408, 38.06946040766456], [-87.63438793855376, 38.06982486022009], [-87.6346607488207, 38.069980756185934], [-87.63500642593192, 38.07019351528785], [-87.63499021313767, 38.07040821150433], [-87.63478070265722, 38.0712964093182], [-87.63458931209438, 38.07218451855694], [-87.63448491528194, 38.072671549427724], [-87.63427269278765, 38.073245005854346], [-87.6339155414953, 38.07380493176286], [-87.63380941542596, 38.074091629576436], [-87.63346886410174, 38.07447977587975], [-87.63312661406334, 38.07462282695026], [-87.6330724932624, 38.07467825917369], [-87.63158240649666, 38.075142042655806], [-87.63113334497434, 38.07539348503687], [-87.6309411791654, 38.07564644692876], [-87.63043617955034, 38.0756663553565], [-87.6299643187861, 38.07565836737718], [-87.62975051615521, 38.07569335650211], [-87.62930297548067, 38.07576661022116], [-87.62898304767874, 38.075970247961756], [-87.62881508158523, 38.076240378061975], [-87.62873235034083, 38.07652501985757], [-87.62868767712175, 38.076831864739425], [-87.62866076539248, 38.077004032579325], [-87.62852078361668, 38.077229129162056], [-87.62838050360024, 38.077424334499455], [-87.62800550188489, 38.07782270236258], [-87.62785526853509, 38.077958124751994], [-87.62774291264924, 38.078093338287985], [-87.62773477660771, 38.0782504258165], [-87.62775492312458, 38.078392463273296], [-87.6277119782641, 38.07890118896541], [-87.62766578509559, 38.07903607477608], [-87.62741216733467, 38.079246807105385], [-87.62694972450788, 38.07938389777073], [-87.62655338241463, 38.07950566926347], [-87.62629818541545, 38.07953696258593], [-87.62589278471089, 38.07970364676743], [-87.62575155068359, 38.07978664682745], [-87.62567707495666, 38.079929161427984], [-87.6255363188331, 38.080064522640754], [-87.6251591099571, 38.08034690024827], [-87.62495508458976, 38.08075808326237], [-87.62485453077012, 38.081135916512935], [-87.62469282413751, 38.081645328091376], [-87.62442919285613, 38.082368481549686], [-87.62426495207612, 38.08258261171448], [-87.62387066622654, 38.08258469761292], [-87.62364086100719, 38.08240549609369], [-87.62360438311845, 38.082173872050745], [-87.62359699088198, 38.08212684430801], [-87.62340810482213, 38.08188177970487], [-87.62322079710225, 38.08181716782181], [-87.62295144355251, 38.08186780263575], [-87.62259816669398, 38.081820476303456], [-87.62226393322116, 38.08155976621787], [-87.62209540118903, 38.08126537830348], [-87.62178313242322, 38.08115221936758], [-87.62145095519408, 38.081137556273674], [-87.62142109339742, 38.08113770547144], [-87.62103589849852, 38.08113973130774], [-87.62100842083062, 38.081137496877474], [-87.62066208794924, 38.08110891596263], [-87.62026723705937, 38.081045377480166], [-87.61983072230662, 38.0809656866621], [-87.61941539701479, 38.080935049432945], [-87.61895927203938, 38.08098666701908], [-87.6186905742598, 38.08111931738048], [-87.61860966030721, 38.08136581216585], [-87.61859464047566, 38.08149995239506], [-87.61857103813988, 38.08171050580046], [-87.61840599157105, 38.081826198795554], [-87.61817758682524, 38.08181099986129], [-87.61784526137407, 38.08177991610414], [-87.61756798019198, 38.08168773741326], [-87.6175538829302, 38.08168302888163], [-87.61730554007666, 38.08176635619984], [-87.61729552655618, 38.08177279356618], [-87.61699589439147, 38.0819648395165], [-87.61683165361146, 38.082178969449224], [-87.61654292879093, 38.082393724526085], [-87.61627438013169, 38.08254276680046], [-87.6161706085467, 38.0825433027706], [-87.61602490450255, 38.08249487382286], [-87.61583232277363, 38.08235715685465], [-87.61577435718328, 38.08231573218588], [-87.61554458071002, 38.08213650101682], [-87.61535766106233, 38.08212106315115], [-87.61517142503259, 38.08218767158231], [-87.61502822549146, 38.08243446469176], [-87.61489572398703, 38.082496483148475], [-87.61478015123417, 38.08255060412587], [-87.61448972680112, 38.08256851528204], [-87.61417871028682, 38.08260296654525], [-87.61401035612111, 38.08232497098149], [-87.6138001009373, 38.08199798011951], [-87.61377447200225, 38.08197532990593], [-87.61348646134238, 38.081720757936154], [-87.61311181625818, 38.081591475846686], [-87.61273743887195, 38.08149500626749], [-87.61253064130365, 38.081578094802175], [-87.61220019333145, 38.081776667723496], [-87.61203568395514, 38.081957955286], [-87.611933461964, 38.08208091959398], [-87.61174800207867, 38.08230396060378], [-87.61154212708017, 38.0825018767931], [-87.61106698836346, 38.08276681965062], [-87.61090030416587, 38.08268566916767], [-87.61073123763612, 38.08232565614852], [-87.61023154077618, 38.08213140502957], [-87.61009084394142, 38.08194651173624], [-87.60989581789663, 38.081690211531196], [-87.60964446389023, 38.08141266220995], [-87.60941483743562, 38.0812497924705], [-87.60922887000214, 38.08125998527469], [-87.60908289826004, 38.0812679415299], [-87.60885559664538, 38.081383932205505], [-87.60850443621767, 38.081582594747864], [-87.60825796994476, 38.08189554888668], [-87.6081349465649, 38.08207662827024], [-87.60801424712669, 38.08253656778942], [-87.60797449128549, 38.08275004199647], [-87.60791414066806, 38.08298002661608], [-87.6076105145936, 38.08336042355869], [-87.60758548034326, 38.083391804323135], [-87.60742955526781, 38.083568830584554], [-87.6073387472707, 38.08367194745599], [-87.60730334197042, 38.08368619216119], [-87.60688369578207, 38.083854754766456], [-87.60673864840639, 38.08388831168517], [-87.60663174709096, 38.08388887946362], [-87.60659339082495, 38.083889056938595], [-87.60654403828157, 38.08386747993879], [-87.60641788517127, 38.08381222649919], [-87.60626011136297, 38.08374314408539], [-87.606160154923, 38.083634068094455], [-87.60605069071404, 38.08351456116797], [-87.60586132675047, 38.083203870952396], [-87.60567306501976, 38.08302437256295], [-87.60503052704647, 38.0831261170549], [-87.60459603889299, 38.08329241406144], [-87.60420348230038, 38.08350767637629], [-87.60366566992292, 38.08372368401964], [-87.60281677994573, 38.08397411335912], [-87.60237639165747, 38.084172358056996], [-87.60196899399803, 38.08435576158802], [-87.6014131497379, 38.084596682984646], [-87.60093494237616, 38.08480395942864], [-87.60048212589595, 38.085265597114955], [-87.60034679290176, 38.0854929591285], [-87.60025690927105, 38.0856440271603], [-87.6002170034112, 38.08584108018873], [-87.60025944252017, 38.085955670010996], [-87.60047035347417, 38.08636473640066], [-87.6004921681625, 38.086495837058116], [-87.60034849161596, 38.08669342655853], [-87.60020496418977, 38.086907407597785], [-87.60014458392794, 38.087137391866825], [-87.60007529327682, 38.08723371259356], [-87.59994991541261, 38.087408085939245], [-87.59983675553458, 38.0875654723302], [-87.59978156214521, 38.08758415858323], [-87.5994434847813, 38.08769871809896], [-87.59884240136346, 38.0878001951906], [-87.59851192284852, 38.08799873919378], [-87.59837578676046, 38.088180711995506], [-87.59832714927603, 38.08824574035168], [-87.59818680997078, 38.08885340984699], [-87.59802438648258, 38.08929713649854], [-87.5979017206322, 38.08952741938796], [-87.59764142749043, 38.08957778514493], [-87.59746651652145, 38.08961164062567], [-87.59694712140396, 38.08954866878259], [-87.59648998402723, 38.089485368829195], [-87.59619979854607, 38.08953606267099], [-87.59580664637038, 38.08968569983286], [-87.59535135682819, 38.08985205615557], [-87.5948332723527, 38.089953086253885], [-87.59425239474054, 38.08998884908086], [-87.59390114448128, 38.0901874514777], [-87.5937729054829, 38.09040390671784], [-87.59349163128934, 38.090878508019536], [-87.59324495750559, 38.09117504115351], [-87.59305881220568, 38.09125798152937], [-87.59283809524204, 38.09120469418867], [-87.59272603939351, 38.0911776337266], [-87.59253753960924, 38.09096535280335], [-87.5921829808548, 38.09075387512853], [-87.59147687449875, 38.090708218132605], [-87.59059618595714, 38.090905420121565], [-87.59037642300436, 38.090644977864834], [-87.59009899360021, 38.089873335857405], [-87.58946712491758, 38.08913253868799], [-87.58895401710875, 38.089293739977826], [-87.58847849211647, 38.0895257515347], [-87.58802451321628, 38.08985613986782], [-87.58764381797867, 38.09014560986684], [-87.58761189903997, 38.09016986812004], [-87.58755056566564, 38.090152047202494], [-87.58744545379425, 38.09012149937099], [-87.58694760566716, 38.090156786297186], [-87.58638916976741, 38.090405635353775], [-87.5858308820897, 38.090670875499185], [-87.58539695987486, 38.0909190999355], [-87.58512137920357, 38.091095618725085], [-87.58488069448781, 38.09124975628715], [-87.58484645160749, 38.091260485017436], [-87.58450801581577, 38.09136646216427], [-87.58421887417697, 38.091548345984855], [-87.5840802928747, 38.09171991781907], [-87.58399276372838, 38.09182833838084], [-87.58370624427188, 38.09233828629898], [-87.58354358362844, 38.09276559185], [-87.58335964279424, 38.09312739161373], [-87.58319582062911, 38.093407086685346], [-87.5830726166879, 38.09357174486143], [-87.5827641037783, 38.09393414085596], [-87.58247651173335, 38.09431286890819], [-87.58170308113836, 38.094884210054], [-87.5816716697478, 38.09490739638948], [-87.581653460897, 38.09493791323526], [-87.58142583049894, 38.09531872798382], [-87.58118130189209, 38.09589409161967], [-87.58103938334857, 38.096321308514725], [-87.5806901596886, 38.09678235032869], [-87.58017407306629, 38.09714578940466], [-87.58002863761844, 38.09725283963985], [-87.57945637395153, 38.09834417089086], [-87.57939024177693, 38.09872325641725], [-87.57943902748337, 38.09943302858586], [-87.5792753535403, 38.09984450931663], [-87.57916362467853, 38.10004388728233], [-87.5786824663511, 38.10015508003124], [-87.57820643381068, 38.10033788712264], [-87.57783423304238, 38.10052015791842], [-87.57725556079424, 38.100851083287075], [-87.57678161414191, 38.101296300065364], [-87.57657699229323, 38.101674610359915], [-87.5760389400656, 38.1018904992864], [-87.57537709011035, 38.10220542001609], [-87.57513005789878, 38.102469081263074], [-87.57484175079487, 38.102765792868226], [-87.57444967120765, 38.103062982537246], [-87.57426370467248, 38.1031787046524], [-87.57278977141219, 38.10318591699976], [-87.57233567303606, 38.10332944560365], [-87.57220996638847, 38.103369171741264], [-87.57175417019646, 38.10348623503362], [-87.57069726004387, 38.10355337960615], [-87.56947283026048, 38.10377618191552], [-87.56829334408904, 38.104273999913524], [-87.56775687289631, 38.10470312372772], [-87.56670160216912, 38.10515111268912], [-87.56608171341911, 38.10553139001434], [-87.56539626022976, 38.105874295858975], [-87.564818332685, 38.10673412247755], [-87.5641326117977, 38.10725229656115], [-87.56295458538861, 38.10768487700723], [-87.561924586067, 38.10789289660269], [-87.5615722632193, 38.10766917098954], [-87.56142557641824, 38.10748940399589], [-87.56102914539179, 38.1072288413001], [-87.56052849631766, 38.106919553188966], [-87.5601738189856, 38.106691595505325], [-87.55981034265533, 38.10652373233299], [-87.55970058739223, 38.106473043205675], [-87.55961130024288, 38.10643180820975], [-87.5592414871966, 38.106348824971796], [-87.55881797735422, 38.1062173018813], [-87.5586969769804, 38.10617972472076], [-87.55782748953206, 38.10613616329495], [-87.55744092290574, 38.106099843590826], [-87.55706519714826, 38.10590131977753], [-87.55666482431434, 38.10563614268246], [-87.55615697075163, 38.105524087420136], [-87.5555409142146, 38.10546977068609], [-87.55486417558184, 38.10544487497267], [-87.55465443692928, 38.10551660740279], [-87.55449766564085, 38.105570223601894], [-87.55416596721376, 38.10563742775616], [-87.55352316064423, 38.105738903975066], [-87.5527572696094, 38.10603776245731], [-87.55114490506551, 38.106963959538355], [-87.54742336809973, 38.10903185408706], [-87.5463675017895, 38.109430489358196], [-87.54510462860351, 38.109912065690615], [-87.54452476339267, 38.11011159147473], [-87.54404861227464, 38.110294249961775], [-87.54324013390882, 38.11046203802942], [-87.54279917878361, 38.11059105206551], [-87.54259714947285, 38.11054703384125], [-87.54245603492149, 38.11083727854024], [-87.5417282028103, 38.11096113715058], [-87.54112661274263, 38.11102953368007], [-87.5407125684484, 38.11119547317086], [-87.54039413095154, 38.11146700193152], [-87.54026461005725, 38.11157744928792], [-87.54009360406481, 38.11172324225676], [-87.53994912262777, 38.111838755576926], [-87.53992981154413, 38.1120356899195], [-87.5397053099782, 38.112561641420754], [-87.53957116994671, 38.11273029222125], [-87.53956127500385, 38.112742750853066], [-87.53954398872285, 38.11274891973743], [-87.53900215368957, 38.112942157938726], [-87.53769645422072, 38.11325982071962], [-87.53736582748377, 38.1134746060451], [-87.53723064360992, 38.11354994720758], [-87.53668341329502, 38.11385497291644], [-87.53626996548216, 38.11410295887049], [-87.53587681330647, 38.11428520027235], [-87.53523364830913, 38.114353744939294], [-87.53468725252914, 38.11442825119907], [-87.53461137632867, 38.11443859204025], [-87.53370022950902, 38.11477082833093], [-87.53227073141427, 38.11520382647905], [-87.53152647809969, 38.1156500873209], [-87.53107243901238, 38.11602944067563], [-87.53088733755482, 38.11627635274806], [-87.53086552196814, 38.1163897506106], [-87.53076726334406, 38.116900235290224], [-87.53016928001223, 38.117477088422746], [-87.53002667605415, 38.11785501244035], [-87.5298851446845, 38.11838063580585], [-87.52976208986362, 38.11859440886708], [-87.52962005274247, 38.119054347565644], [-87.52951023100405, 38.11990222383089], [-87.52946064040711, 38.12144491143592], [-87.52953750116112, 38.122575522094685], [-87.52927378004823, 38.12286165408459], [-87.52896326928543, 38.122994304061294], [-87.52844602024315, 38.12325909800791], [-87.52799156433754, 38.12358921933514], [-87.52790460023152, 38.12367609308332], [-87.52786061332533, 38.12369483794426], [-87.52753010426765, 38.124083163245764], [-87.52687430446585, 38.125808835879475], [-87.52623173684817, 38.12894395235796], [-87.52552002769973, 38.129800143137196], [-87.52537670868266, 38.13027969210579], [-87.52544114124473, 38.130582216453476], [-87.52582061387524, 38.13121378696306], [-87.52581554737705, 38.1315276047311], [-87.52556014196873, 38.13188648503611], [-87.5246794228844, 38.132413031961974], [-87.52423504068638, 38.13257998558915], [-87.52398660800131, 38.13293332170567], [-87.52400252345319, 38.13327458749172], [-87.52455330031681, 38.13463217318811], [-87.52461832846191, 38.13503930378784], [-87.52433088463899, 38.135866258039535], [-87.5244448188648, 38.13630622994021], [-87.52440449708494, 38.136548612209175], [-87.5232849123733, 38.13789090945916], [-87.52254760303587, 38.137959931495466], [-87.52240988681125, 38.1382082149963], [-87.52240795004349, 38.1390670575429], [-87.52221861572431, 38.13944727625577], [-87.52220872078146, 38.13967463782596], [-87.52218994599204, 38.1399535880453], [-87.52202624150623, 38.140298847493504], [-87.52181994968943, 38.14049658611215], [-87.5216324928492, 38.14068624864929], [-87.52163907929688, 38.14088687800459], [-87.52177962701128, 38.14111751827737], [-87.52317530084065, 38.14175603306058], [-87.52422854496857, 38.14189720595486], [-87.52463537579106, 38.14209163590235], [-87.52476409269319, 38.142665182082524], [-87.52487325866146, 38.14340287891303], [-87.52506336822671, 38.14384493756362], [-87.52539944953408, 38.144368355371206], [-87.52577103046482, 38.14480803227269], [-87.52597480430389, 38.145049151374835], [-87.52623536334698, 38.14589746256766], [-87.52648876820714, 38.14651489839123], [-87.52739332318924, 38.147367436935255], [-87.52773266538108, 38.14756925595682], [-87.52826575172183, 38.147736796588305], [-87.52849421575645, 38.14783732276056], [-87.52859473993169, 38.14792870660167], [-87.52877741953124, 38.14812197249405], [-87.52914938673757, 38.14804089671869], [-87.52967959487614, 38.14836588100132], [-87.52919805386641, 38.149202293919814], [-87.53066599805871, 38.151414936967434], [-87.53131533088879, 38.15290970229311], [-87.53128999929609, 38.15333372970842], [-87.53100946890758, 38.15411174971694], [-87.53068989953348, 38.15425554625307], [-87.53020463680352, 38.15460491559141], [-87.529949290684, 38.15478875403509], [-87.52963632752048, 38.15501407508769], [-87.52948674904252, 38.155614740634505], [-87.52963643172505, 38.156165217048006], [-87.52977758310733, 38.15668432096567], [-87.52989655598357, 38.15718400753214], [-87.5300500008105, 38.15737606292173], [-87.53035958630856, 38.15758927747686], [-87.53050568291646, 38.15774600054932], [-87.53061745849064, 38.15816756575392], [-87.53058282574149, 38.15838948800349], [-87.53046681011918, 38.15863323997704], [-87.53034261353957, 38.15899864143886], [-87.53025387975244, 38.159256576846246], [-87.52997467797225, 38.1594867557206], [-87.52963272707282, 38.159810216291525], [-87.52914710411845, 38.16031316658751], [-87.52891340021075, 38.160571754231185], [-87.52845882842247, 38.16092704481213], [-87.52807014806028, 38.16112104686084], [-87.52757331413115, 38.161239340505205], [-87.5274921971593, 38.161367775324834], [-87.52740094180118, 38.1618713703389], [-87.52729230943218, 38.162445566897766], [-87.5272826480513, 38.162496636712994], [-87.52718463287064, 38.162739985074374], [-87.5270899980504, 38.16291911595858], [-87.52696608803339, 38.16309910244423], [-87.52696304633783, 38.163120171516184], [-87.52716332123883, 38.16332644397747], [-87.52717221186522, 38.163335600485006], [-87.5272397139706, 38.16340518891572], [-87.52785954073687, 38.163942708128666], [-87.52820453512848, 38.16424188915544], [-87.52834865544276, 38.16449627173252], [-87.52846864341527, 38.16470805712638], [-87.52852675812595, 38.165115216236075], [-87.52870923740117, 38.165362188270414], [-87.52889508446043, 38.16617620945514], [-87.52919191567806, 38.1669182267555], [-87.53019610550326, 38.16836200130468], [-87.53140107418433, 38.16960675470869], [-87.53210566059091, 38.16983510070155], [-87.532857901725, 38.16988156207339], [-87.53332520174254, 38.17001728134308], [-87.53393969521096, 38.17031753987233], [-87.53441835083198, 38.170646021016765], [-87.53483498766415, 38.17068699939774], [-87.53510487840641, 38.17065296468729], [-87.53581861325586, 38.17042110350537], [-87.53597549324044, 38.17037011198357], [-87.53618017527624, 38.17028276061734], [-87.53628624205679, 38.170237461965264], [-87.53684604968397, 38.170070865709], [-87.536960221065, 38.17006392198308], [-87.53742758216798, 38.17003540128579], [-87.53782127063788, 38.1698859732432], [-87.53804875191558, 38.169737288565656], [-87.53829715405796, 38.16960490717999], [-87.53831563240335, 38.16959879677515], [-87.53864947690565, 38.16948846899118], [-87.53892094688618, 38.16966767086726], [-87.53910819441896, 38.170128623188916], [-87.53915376236004, 38.17024073960519], [-87.53928179384762, 38.17069945661197], [-87.53945020640381, 38.170993963632064], [-87.53978399341395, 38.171172867310275], [-87.54007525058525, 38.171220759349886], [-87.54051087151429, 38.17112032543955], [-87.54105109856322, 38.17111782186414], [-87.54123050829514, 38.17111177232165], [-87.54161200842327, 38.17109883776825], [-87.54225746681952, 38.17127631037583], [-87.54263366149758, 38.171569833415305], [-87.54288617702562, 38.171995172525044], [-87.54289860431925, 38.17204515160544], [-87.54297185833741, 38.17233924005201], [-87.54305739052889, 38.172666947257305], [-87.54322532697799, 38.172895828857], [-87.54326982233064, 38.172956446365006], [-87.5433093104739, 38.17301026938736], [-87.54353980110781, 38.17327166648057], [-87.54393644144173, 38.1735158962322], [-87.54437513101578, 38.17382551234218], [-87.54479266256996, 38.17408604424305], [-87.54519469549052, 38.17438660097373], [-87.5452941758234, 38.174461016995814], [-87.54571122947385, 38.17465592438352], [-87.54635734453856, 38.17491538273111], [-87.54649354081376, 38.17496068271293], [-87.5469406350256, 38.17510951492098], [-87.54733804970729, 38.17545215255004], [-87.5479449434284, 38.17602349368622], [-87.54836679587909, 38.176858078165814], [-87.54845301438344, 38.17726777092979], [-87.54841352624017, 38.17754683936038], [-87.54841388376965, 38.17759294344009], [-87.5484959295995, 38.177760372722105], [-87.54897357192091, 38.178424458643136], [-87.5496453464634, 38.17895562543224], [-87.55013759089977, 38.1791576846835], [-87.55044166433521, 38.17919413327634], [-87.55092073767287, 38.17933950871979], [-87.55131731692136, 38.1795673179126], [-87.55140240175182, 38.17982937008943], [-87.55150084003895, 38.18003289004154], [-87.55184779814778, 38.18038861113768], [-87.5522525736249, 38.18053002206899], [-87.55255870240575, 38.18049017621628], [-87.55338765517351, 38.18026293340738], [-87.55352754621944, 38.18026227811078], [-87.55433769365506, 38.17994321504623], [-87.55449338157526, 38.179809282442875], [-87.5547264351027, 38.17971016037938], [-87.55506072786432, 38.17971972721685], [-87.55575202189964, 38.18001953832985], [-87.55649413093563, 38.18064946981737], [-87.5568645431582, 38.18086255628455], [-87.55839781373628, 38.18106515255616], [-87.55873863365676, 38.18116180132178], [-87.559082285067, 38.18133504301829], [-87.55939479098805, 38.18143195975423], [-87.55972768417446, 38.181479583785084], [-87.55997617525004, 38.181363593187704], [-87.56003664444508, 38.181117247337816], [-87.56011773626409, 38.18085439056471], [-87.5603241763029, 38.180672954445974], [-87.56067643986178, 38.18054003507673], [-87.56104986413551, 38.18045620186871], [-87.56163226169714, 38.18051908402167], [-87.56256853170032, 38.180662224729794], [-87.5630891772727, 38.18080736210175], [-87.56347350889058, 38.18085900937954], [-87.56379650623583, 38.180902401933615], [-87.56444172657855, 38.18103052177476], [-87.5647335505868, 38.18114394965035], [-87.56504555165463, 38.18124772174153], [-87.56699283598422, 38.18136347385211], [-87.56755842427027, 38.181603233542496], [-87.57003252559825, 38.18191162759325], [-87.57047979857482, 38.18215737761623], [-87.57071818719672, 38.182404051824676], [-87.57095091283905, 38.18285445404596], [-87.57100116010449, 38.18289647484616], [-87.57102381022605, 38.182950774920144], [-87.57123355876006, 38.18319581038508], [-87.57158722279247, 38.18324328568602], [-87.57175206005385, 38.18306205746407], [-87.57185341786567, 38.18273348611718], [-87.57189165375742, 38.182306776967344], [-87.57188804791988, 38.18184749327346], [-87.57209460833293, 38.18143243639014], [-87.57213358982638, 38.18135417485299], [-87.57242285094112, 38.181139539161954], [-87.57253234479448, 38.1811390025031], [-87.57275535515701, 38.18113789952784], [-87.57308708412681, 38.181037852827906], [-87.57323150717336, 38.18090591847283], [-87.57345714061654, 38.18052754847457], [-87.57397292989648, 38.18004930993199], [-87.57463409443719, 38.17955396611561], [-87.5751714001648, 38.1791740447485], [-87.5756481774086, 38.179024050044056], [-87.57622991920006, 38.179004798258056], [-87.57666732777652, 38.17913387191316], [-87.57696049386779, 38.17941130129164], [-87.57723267800898, 38.1796724289805], [-87.57738273349239, 38.17980051991411], [-87.57811142978285, 38.18042270344166], [-87.57844691550717, 38.18079833136231], [-87.57871966648533, 38.181125054314016], [-87.57897045275645, 38.18130428548001], [-87.57928751942418, 38.18139780578328], [-87.57940795116446, 38.181433329641074], [-87.5799280909853, 38.18151278232858], [-87.58000173217735, 38.181541393155214], [-87.58055346305181, 38.18175576074752], [-87.58086766948368, 38.1820658834433], [-87.58105810603571, 38.182491460686286], [-87.58120631278622, 38.18283520185979], [-87.581458559718, 38.18319482465529], [-87.58166857684829, 38.18347264317066], [-87.58227556129926, 38.18401096339786], [-87.58242287422605, 38.18423990398499], [-87.58261518825702, 38.184515993519206], [-87.58269616149842, 38.184632221288766], [-87.58296816777319, 38.184860537148595], [-87.58338671172869, 38.185145954621184], [-87.58346968012832, 38.18520251956972], [-87.58360650342756, 38.18529583010308], [-87.58363684222965, 38.18531651358871], [-87.58405249540655, 38.18531445674967], [-87.58432202772104, 38.185231099997694], [-87.5847776451483, 38.18503198999122], [-87.58523341259422, 38.18484927282981], [-87.58577140373642, 38.18455130897015], [-87.58630936703084, 38.18425337425412], [-87.58663990393626, 38.184005657745296], [-87.58701243348796, 38.183806935571226], [-87.58769779684577, 38.18375430466093], [-87.58832483798207, 38.183764914590036], [-87.58842926533723, 38.18377764000681], [-87.58933433235902, 38.18374595991459], [-87.590579503344, 38.183547595734375], [-87.59120642500437, 38.18357221272976], [-87.5927769199712, 38.18410451129528], [-87.59299212127897, 38.18431533378855], [-87.59318321449948, 38.18441448559788], [-87.59343978232778, 38.18475655625651], [-87.59355270325395, 38.185271063999025], [-87.59377374810265, 38.18569914536383], [-87.59392311727314, 38.18624208385202], [-87.59391208955472, 38.18631071838745], [-87.59385409521828, 38.186671624619414], [-87.59382134174471, 38.18710104635202], [-87.5937520816363, 38.187502006765044], [-87.59379112241855, 38.18784518133277], [-87.59401097430455, 38.18813021007409], [-87.59445118472637, 38.18837503606942], [-87.59452086165308, 38.188413778981044], [-87.59484994149112, 38.18875549265913], [-87.5949263827319, 38.18924153876069], [-87.59482088278828, 38.18964267802409], [-87.59475069741517, 38.189929197959], [-87.59453597221447, 38.19027365314749], [-87.59454684991425, 38.1903070919738], [-87.59461032846548, 38.19050220761797], [-87.59497290378552, 38.19050032955328], [-87.59517806372506, 38.19046689152175], [-87.59537004987095, 38.190298031346124], [-87.59569608711512, 38.19026778241174], [-87.5961681275424, 38.19035122800967], [-87.59656810332096, 38.19049225316866], [-87.59685906404822, 38.19060523351112], [-87.59692462938588, 38.19064233793446], [-87.59727930671794, 38.19072289258704], [-87.59838518224002, 38.1905085549113], [-87.59875458206128, 38.190545360729416], [-87.59904142940285, 38.19073669137673], [-87.59971639296461, 38.19165841763717], [-87.60015970257416, 38.19192145358977], [-87.6004451188995, 38.19226903762508], [-87.60096797163254, 38.192660044383416], [-87.60162889811967, 38.19302986154044], [-87.60163616998189, 38.19303391477145], [-87.60211622517815, 38.19344620012192], [-87.60245257418345, 38.19373510340333], [-87.60289054959685, 38.19391329183772], [-87.60343339972641, 38.19420577199765], [-87.60353037555629, 38.19424722638952], [-87.60385057285279, 38.19438404964864], [-87.60418543065472, 38.19466121127081], [-87.60421341497246, 38.19473786295597], [-87.6043768212176, 38.195185136199996], [-87.60442328298238, 38.19577543087222], [-87.60448887796444, 38.196168791618405], [-87.60476276171818, 38.1966102832744], [-87.60503607953325, 38.19698618000868], [-87.60523787079046, 38.19732854885085], [-87.60515755331922, 38.19789777419624], [-87.60484185748062, 38.19857091899555], [-87.60483604627905, 38.19857747525612], [-87.60471722431977, 38.19864458953036], [-87.60426330560671, 38.19905702454704], [-87.60409891570634, 38.19928754506746], [-87.60407191414554, 38.19933591491294], [-87.60383263080162, 38.19976462097629], [-87.60368901354389, 38.19999499312539], [-87.60325664182122, 38.20028949962718], [-87.60313093517362, 38.20037515181709], [-87.60304403215304, 38.20055307127644], [-87.60290604733214, 38.20083562750166], [-87.60278510894207, 38.20129553693805], [-87.60272037903763, 38.20151905528615], [-87.60270425607492, 38.20157484440662], [-87.60271972236916, 38.2017141112421], [-87.60271912678614, 38.20189209025713], [-87.60279306621885, 38.2023355788627], [-87.60294094598262, 38.20267821550929], [-87.60294329956866, 38.20296431849274], [-87.60280060757567, 38.20325119615323], [-87.60271355453642, 38.20347977907428], [-87.60265862794671, 38.203623903176805], [-87.60244509481039, 38.204111470104245], [-87.60219478554468, 38.20454196363117], [-87.6022163918239, 38.2045961148587], [-87.6020437185583, 38.204859985042646], [-87.60213071051211, 38.20534951808096], [-87.60292285660773, 38.20606697885243], [-87.60320219313522, 38.20579971206075], [-87.60338264581118, 38.20568869861273], [-87.60361036604075, 38.20557270774247], [-87.60398358100701, 38.20545597267471], [-87.6044611631413, 38.20538787360264], [-87.60466393805376, 38.20538683028976], [-87.60489770843677, 38.20538563803307], [-87.60514771946181, 38.20544995139561], [-87.60562825166349, 38.20574276004489], [-87.60569176165575, 38.20579738685567], [-87.60587561176013, 38.20595566722072], [-87.60602611370618, 38.20608518794809], [-87.6061126888417, 38.20620627521258], [-87.60634160113567, 38.2065264119464], [-87.60680276206654, 38.20698340050333], [-87.60715863146297, 38.20727680509731], [-87.60728308585907, 38.207346005686524], [-87.60774341315337, 38.207601857767656], [-87.60859823290974, 38.20789269967562], [-87.60932827128326, 38.208184166526344], [-87.61068693003138, 38.20906291734586], [-87.61126142960502, 38.20951027976258], [-87.61137750900772, 38.20960064044515], [-87.61189997366853, 38.209926022958165], [-87.61242217063142, 38.210218562320286], [-87.61248439782945, 38.21023551961477], [-87.61277643114515, 38.21031512158009], [-87.61308482547716, 38.21035639810294], [-87.61313024429792, 38.210362478267314], [-87.61367035187091, 38.210310472870084], [-87.61385196696685, 38.21024562241657], [-87.61392820159513, 38.21021841338633], [-87.61404347700564, 38.21017728642512], [-87.61431151901506, 38.20991341645809], [-87.61462033106365, 38.2095509010029], [-87.6147450828021, 38.2092489131718], [-87.61484441401464, 38.209008468038974], [-87.61497801865022, 38.20859156410305], [-87.61516356746878, 38.20725844594792], [-87.61542633546918, 38.20698742331073], [-87.61576685625067, 38.20687018157178], [-87.61697102004126, 38.206737739889995], [-87.61745980776038, 38.20690606288771], [-87.61858204429876, 38.20796863579695], [-87.61891022761813, 38.208077144874345], [-87.61970180687682, 38.207721007713005], [-87.62018195190461, 38.20764709789502], [-87.62128353617457, 38.20777939039502], [-87.62180024802433, 38.20794753522231], [-87.62215847280343, 38.20835865827369], [-87.62269238200098, 38.20945153918835], [-87.6227708812821, 38.20965559611197], [-87.62283531384415, 38.209744108691666], [-87.62284070822743, 38.2097514989698], [-87.62304437696359, 38.21003143255375], [-87.62354639686687, 38.21038965689231], [-87.6240465994783, 38.210534615034234], [-87.62463033822466, 38.21072836008181], [-87.6247748493061, 38.210828347647016], [-87.62481859995538, 38.21085859651068], [-87.62506482547983, 38.21116693162574], [-87.62557516108768, 38.211805982721216], [-87.62586159161096, 38.21213055990504], [-87.62630996771873, 38.212638660176225], [-87.62656254253558, 38.21299819439116], [-87.6267318201694, 38.21334175629048], [-87.62669236167056, 38.213588072903455], [-87.62673843536315, 38.21368770222103], [-87.62679827843245, 38.21381713296203], [-87.62707797338771, 38.21395779999917], [-87.62715325490348, 38.21399567879689], [-87.62757132185357, 38.21425591245749], [-87.6276390620125, 38.21440411949507], [-87.62769845772077, 38.21453408749208], [-87.62782586308256, 38.214845074972004], [-87.62818310420644, 38.2152860595379], [-87.62830523376259, 38.21542258423231], [-87.6285104224482, 38.215651942714345], [-87.62851900585075, 38.21566153941479], [-87.62852708260347, 38.21566466891147], [-87.6290614086193, 38.21587188448512], [-87.62937454156439, 38.21601785651759], [-87.62950096237266, 38.21621401488568], [-87.62942079492007, 38.21655891671355], [-87.62927765466775, 38.21683855238684], [-87.62917737034269, 38.21726558995669], [-87.62905780188343, 38.217527105613605], [-87.6290344672456, 38.21757803801368], [-87.62903551018965, 38.217695428361345], [-87.62903860937739, 38.2180537130785], [-87.6291023870676, 38.21821741745702], [-87.6294166824327, 38.21849457868642], [-87.62987593624024, 38.218705370080556], [-87.63045991304013, 38.21891547697887], [-87.63056249256074, 38.21895833306271], [-87.63061235175397, 38.21897919472017], [-87.63073120425592, 38.21902884443874], [-87.63083616790531, 38.21914310662772], [-87.63098395693922, 38.219404771509424], [-87.63107011525645, 38.21974880918907], [-87.63130024925918, 38.2199115894504], [-87.6320564537603, 38.22031761644772], [-87.63228733246642, 38.22057063804767], [-87.6325597861022, 38.22081522581645], [-87.63269616114212, 38.220929517664246], [-87.63283208882102, 38.22104342258527], [-87.63347665339357, 38.2210399355081], [-87.63356659721138, 38.22101812098215], [-87.63368413817305, 38.220989599767556], [-87.63416151099989, 38.220888600010674], [-87.63473896153924, 38.220899268752206], [-87.63484779962243, 38.22090129423912], [-87.63524214386247, 38.22081713274047], [-87.63543413000836, 38.22082267707591], [-87.63572050124286, 38.220830961114004], [-87.63597110874923, 38.22096084000029], [-87.63610906392574, 38.22111095370718], [-87.63618106748902, 38.2211893341354], [-87.63647274237694, 38.221253380172264], [-87.63688785925963, 38.22116906875783], [-87.63719830893697, 38.22103036845249], [-87.63757909310782, 38.22086016766916], [-87.63807676336847, 38.220637723576274], [-87.63811574486192, 38.22060967859202], [-87.63828338217203, 38.2204889794567], [-87.63853232150693, 38.220422013768285], [-87.63884533587442, 38.220551534864676], [-87.63920111543932, 38.22081206619424], [-87.64037660859931, 38.22124431916117], [-87.64043186217582, 38.22126464450578], [-87.64072312024543, 38.22127945659704], [-87.64109606751374, 38.221129789267], [-87.64138544810442, 38.22093136530275], [-87.64167464993035, 38.22071655054598], [-87.64192224718222, 38.22050194335075], [-87.64214826779929, 38.22018901876362], [-87.64231256876644, 38.21995846774373], [-87.64251832428901, 38.21971128767564], [-87.64272407891326, 38.21946413640971], [-87.64294774504596, 38.218888772988336], [-87.6429432750291, 38.2183802561944], [-87.64293939969697, 38.217940075905474], [-87.6430686232489, 38.21772588610332], [-87.64313859931458, 38.21776263299388], [-87.64335404047254, 38.217803879179094], [-87.64362461573107, 38.217835200743416], [-87.64391685745592, 38.217964841485724], [-87.64425240157075, 38.218291058229006], [-87.6444428686655, 38.21866731235249], [-87.64467431331025, 38.21897770344251], [-87.64482264043501, 38.21924556690908], [-87.64486448216432, 38.21932114606871], [-87.64507384352444, 38.21948404514846], [-87.64549042106776, 38.21956376544563], [-87.64590565652807, 38.21949587577394], [-87.64706970515132, 38.21945665607499], [-87.64761642971472, 38.21947936526496], [-87.6484633514831, 38.219514562131174], [-87.64964963520627, 38.21963922500179], [-87.65054486567571, 38.21976549748732], [-87.65087796727128, 38.219812883312684], [-87.65106581128538, 38.21989385596353], [-87.65117300994321, 38.220254136305066], [-87.65134285351564, 38.220646901816906], [-87.65140168328527, 38.220768048133166], [-87.65146993099238, 38.22090865515447], [-87.65154080088176, 38.22096834982162], [-87.65166915935608, 38.22107653251897], [-87.65172134338926, 38.22112046076413], [-87.65198303700456, 38.22110252008354], [-87.6519920677681, 38.22110189408987], [-87.65224085708435, 38.22108478759268], [-87.65259255470463, 38.22088600498742], [-87.65321384392816, 38.22060368820798], [-87.65371049909254, 38.22033844736822], [-87.65434779270119, 38.220075382102486], [-87.65477834713204, 38.22004855997117], [-87.65524099836797, 38.22029416083541], [-87.65540538826833, 38.2207449808264], [-87.65541680316066, 38.22125162075955], [-87.65623615832793, 38.222398711399165], [-87.65623594902046, 38.22250883131286], [-87.65639399052671, 38.222784056619325], [-87.65666781499164, 38.223176195200594], [-87.65677814337988, 38.22334723037357], [-87.65681542615911, 38.223405016889394], [-87.65742360267446, 38.22397576168462], [-87.65757088505853, 38.22408552353145], [-87.65792603939602, 38.22435022848411], [-87.65811582017788, 38.224644436729946], [-87.6580859287368, 38.224758489678806], [-87.6580555010015, 38.22487442103829], [-87.6579530400585, 38.22503904936274], [-87.6574955155079, 38.22571201515744], [-87.65746049738149, 38.22576354308199], [-87.65731699959969, 38.225994005136386], [-87.65730719448837, 38.22625266029858], [-87.6573001912224, 38.226436986983856], [-87.65746949760232, 38.226764126887105], [-87.65770505563275, 38.22700358820008], [-87.6577119996099, 38.227010652110195], [-87.65774230786927, 38.22704146726329], [-87.65784923972743, 38.22710989327065], [-87.65803335842806, 38.2272278214946], [-87.65809787992335, 38.227269127942385], [-87.65847335954243, 38.22739823108169], [-87.65878583851402, 38.227462098054914], [-87.65907682708905, 38.22744406719976], [-87.65936602801666, 38.22722919263698], [-87.65950705363481, 38.22708405463438], [-87.65953259363665, 38.2270764854612], [-87.6595610846042, 38.22707100158558], [-87.65986316198311, 38.22701315517588], [-87.66011266725664, 38.2270117247518], [-87.66030057055956, 38.22709269785864], [-87.66055171436017, 38.22727174955388], [-87.6607614341481, 38.22746740195249], [-87.66082705787623, 38.22751332764837], [-87.66089327898403, 38.22753648384176], [-87.66125630166508, 38.22755671921839], [-87.66184436130794, 38.22777409797014], [-87.66218219972, 38.2281029071316], [-87.66243525244057, 38.22910402681754], [-87.66277332980451, 38.22946034371498], [-87.66342516623928, 38.229793086355286], [-87.66363682279494, 38.22999496785712], [-87.6638476735618, 38.230066314617495], [-87.664286870684, 38.230493052971944], [-87.66480829240076, 38.23098369010292], [-87.6650556812435, 38.231261267716306], [-87.66522165128043, 38.231560781245534], [-87.66517155313535, 38.23203320645816], [-87.66503863481267, 38.232377336127556], [-87.6647982788803, 38.2328722931055], [-87.6647197795992, 38.2332161224419], [-87.66467093370561, 38.23340587324703], [-87.6646146668295, 38.23362447358798], [-87.66461699166945, 38.23388196556952], [-87.66468395748062, 38.233920113419174], [-87.66502725046307, 38.23411573523257], [-87.6653012824388, 38.23432879225089], [-87.66568373567942, 38.23449830812429], [-87.6659851869326, 38.234732672752415], [-87.66617818727644, 38.23501055005221], [-87.66625749054973, 38.23512329266435], [-87.6662721241057, 38.23513682266926], [-87.66664367000214, 38.235280708382504], [-87.66720082400599, 38.23547829799099], [-87.6674429981285, 38.235763327229606], [-87.66753326893307, 38.235903218718505], [-87.66762353973766, 38.23604308100876], [-87.66771348355549, 38.23614783607777], [-87.66769995313068, 38.23628832517173], [-87.66765706755902, 38.23646403935051], [-87.66758429054627, 38.23661653771749], [-87.66748185924767, 38.23676918534982], [-87.6674742307543, 38.23677282125818], [-87.6674717576923, 38.23678417632634], [-87.66639744268109, 38.23780582956478], [-87.66638859158061, 38.237950340784515], [-87.66655688555919, 38.23816265276754], [-87.6668093103574, 38.238472864716314], [-87.66689457485091, 38.23870204539853], [-87.66689728776306, 38.23899729769058], [-87.66702418557672, 38.23922623823822], [-87.66719280744039, 38.23947133266891], [-87.6674257720346, 38.239929304603095], [-87.66749145684818, 38.24028979474511], [-87.66747291921398, 38.2405359615605], [-87.6672468393081, 38.24083252366936], [-87.66723822626118, 38.24084536822742], [-87.6671864006558, 38.24158822149651], [-87.66670434760633, 38.24231760412397], [-87.66660388361822, 38.24279178889831], [-87.66655178941657, 38.24321060146122], [-87.66673400099387, 38.24408538895319], [-87.66668798569175, 38.24440507893929], [-87.66647501849408, 38.24478616126992], [-87.66612150358202, 38.24506329252192], [-87.66569601564937, 38.24509294581159], [-87.66514994685613, 38.24490289673628], [-87.66440602142666, 38.24443845691756], [-87.66428338522068, 38.244775014166734], [-87.66400577615349, 38.24495263599779], [-87.6635529605716, 38.245048512083414], [-87.663303275635, 38.245225982972904], [-87.6633171932337, 38.24601351037355], [-87.66352962503547, 38.24714701148067], [-87.66382881073746, 38.247776496927706], [-87.66397081911252, 38.248194892052815], [-87.66409136853207, 38.24834688397272], [-87.66401012849104, 38.24856059630052], [-87.66361956885328, 38.24877135770719], [-87.66294999877648, 38.249678660203166], [-87.66288142408264, 38.24990658793084], [-87.66290568308688, 38.25007491193911], [-87.66270418917203, 38.25109674453806], [-87.66241811797487, 38.25219487105758], [-87.6621828581851, 38.2526055472534], [-87.66117282661563, 38.25313596897412], [-87.66063850059977, 38.25351100163182], [-87.6595798629869, 38.254029979014696], [-87.65783028707158, 38.25464742404574], [-87.657469679062, 38.255051454087535], [-87.65712778655309, 38.25615458775491], [-87.65587728047362, 38.25642417937715], [-87.65446837625672, 38.25656031577575], [-87.65376548766605, 38.25651006881104], [-87.6523682058523, 38.256816854656485], [-87.65187622821558, 38.257148197461554], [-87.6513758180933, 38.25811230150489], [-87.65119426138786, 38.25866653609908], [-87.65067349633956, 38.25906365228774], [-87.64908398852975, 38.25967686465912], [-87.6485846204532, 38.26003562535794], [-87.6477170751625, 38.26083689064208], [-87.64720262796561, 38.26180087661515], [-87.6471603972658, 38.26235633293813], [-87.6472436055156, 38.26290734773984], [-87.64716615007687, 38.26401286533893], [-87.64747409704782, 38.26442836967837], [-87.64840533019722, 38.265124552435275], [-87.64843918500533, 38.26624202012196], [-87.64857118075824, 38.266793511854814], [-87.64880045058167, 38.267362378543126], [-87.64999734161172, 38.269040518625665], [-87.65030293409835, 38.270160400141854], [-87.6502398139749, 38.27071567688051], [-87.65034385325785, 38.27127241489495], [-87.65087680844455, 38.27204274465441], [-87.6500207957255, 38.273036085580785], [-87.6499089779305, 38.27358543259379], [-87.6499364852428, 38.27413600043191], [-87.65049229985857, 38.276353234012575], [-87.65013458172926, 38.278622890301264], [-87.6498347106127, 38.27916505440626], [-87.64810292762817, 38.28089236775193], [-87.6477055731336, 38.28122302392093], [-87.64737667475526, 38.2815597013195], [-87.64686410413898, 38.281753267728035], [-87.64649604550246, 38.28179680814651], [-87.64644102997951, 38.28180330543015], [-87.64642465279357, 38.28180081694379], [-87.64607625199042, 38.28182037860213], [-87.64573824828834, 38.28178713132493], [-87.6453337539839, 38.281709557341316], [-87.6449126354568, 38.281537784370016], [-87.64459679588774, 38.28130506137103], [-87.64431974467435, 38.28102800981357], [-87.64381551222053, 38.28037971017088], [-87.6436825274225, 38.280030624760386], [-87.64350521435846, 38.27975911523237], [-87.64327803221974, 38.27959288455189], [-87.64295665274031, 38.27944881788929], [-87.64251774667228, 38.27929747068632], [-87.64247458262288, 38.27928258649834], [-87.64208671074444, 38.279265964748646], [-87.64176533126502, 38.2792105532475], [-87.64148827915331, 38.27909419163715], [-87.6408010356216, 38.278690276975155], [-87.64078772977561, 38.27869047583694], [-87.64023524162137, 38.27869873917825], [-87.63988320084468, 38.27887834920604], [-87.63953849121903, 38.27889453524218], [-87.63913939399279, 38.278918170811615], [-87.63877584400068, 38.27885576857595], [-87.63832136204394, 38.27877239908852], [-87.63817172517547, 38.278728506380155], [-87.63786644170933, 38.27863895510275], [-87.63743887238019, 38.27851966887809], [-87.63702938973096, 38.27839312890931], [-87.63668361829663, 38.27828770203806], [-87.63625655112571, 38.27822563775083], [-87.63582022501917, 38.27814215964589], [-87.63530968100218, 38.27787308936527], [-87.63456301750769, 38.277583834016845], [-87.6339360069141, 38.277487074231814], [-87.63362679062364, 38.277410054873975], [-87.63339880988264, 38.27728252146395], [-87.63290667953233, 38.27704195640389], [-87.63268758941767, 38.27689291371727], [-87.63224990865167, 38.27665205188613], [-87.63202286485351, 38.276631813250134], [-87.63128771686266, 38.27662146438626], [-87.6307720856862, 38.276810230253034], [-87.6302488628473, 38.27717072010248], [-87.62974279603365, 38.27741665974003], [-87.62880225813454, 38.2777936889824], [-87.62840470601063, 38.27799611768725], [-87.62780874209156, 38.278342680553536], [-87.62744711359584, 38.2785019934067], [-87.62682979312923, 38.27847667865465], [-87.62674924928255, 38.27847446437147], [-87.62639408955518, 38.27846469825371], [-87.62541280497312, 38.278326861796835], [-87.62490389139835, 38.278243730760806], [-87.62450436387911, 38.278217243190696], [-87.62421397897194, 38.27821878825807], [-87.6235986204259, 38.27842236100013], [-87.62345538495217, 38.278652036267154], [-87.6233488115218, 38.278924438463804], [-87.62331373680153, 38.27906769520992], [-87.62337101967226, 38.27928849659391], [-87.62335433885575, 38.279460270656074], [-87.62335617411388, 38.27967486672498], [-87.62334059283528, 38.27997540000801], [-87.62316227635306, 38.280348332338235], [-87.6226371580689, 38.280494191863625], [-87.62218549053392, 38.28073980926625], [-87.62162577453489, 38.28108614607755], [-87.62111830904438, 38.28117467749652], [-87.620936932002, 38.28118994419808], [-87.62071949748241, 38.281234015939056], [-87.6205753942361, 38.281363542940475], [-87.62046807879733, 38.28155010273867], [-87.6203625878369, 38.28195125985943], [-87.62020142648166, 38.28220963976951], [-87.62000384472987, 38.282453905947776], [-87.6196969919069, 38.282655826647314], [-87.61933398809049, 38.282657743231674], [-87.61842598806928, 38.282605305097775], [-87.61759095370704, 38.28259539639103], [-87.61519499502901, 38.2825936765407], [-87.61446038692563, 38.28265403910443], [-87.61338020142404, 38.28263107816504], [-87.61208221578855, 38.282609242630706], [-87.61157442780285, 38.28266196564041], [-87.61119477011937, 38.28284278364591], [-87.61108718788094, 38.28300072217503], [-87.6111069571054, 38.28319376434807], [-87.61113550107356, 38.28335099485977], [-87.61121020227762, 38.28360098008104], [-87.61119313159227, 38.2837298322762], [-87.61128580539025, 38.28395826452749], [-87.61135041222549, 38.284086691599484], [-87.61136056767978, 38.284215403316765], [-87.61135251158831, 38.284337055761895], [-87.61131747010572, 38.28448746310103], [-87.61085552494556, 38.28459717236785], [-87.61037464868915, 38.28461398257581], [-87.60983108350062, 38.28473126610404], [-87.60919622163144, 38.284784639812614], [-87.6089874872954, 38.284785723588875], [-87.60876054231191, 38.28477974765915], [-87.60853335837655, 38.28474515847455], [-87.60838767319704, 38.28468868571101], [-87.6080239399486, 38.28460472779526], [-87.60764253504192, 38.284578088828304], [-87.60734304570934, 38.2845796401065], [-87.60714374637871, 38.284623593443804], [-87.60699937273952, 38.28472449126318], [-87.60700916257949, 38.28481028306843], [-87.60719210089383, 38.2849810216379], [-87.6073564135391, 38.28509462736497], [-87.60753923507244, 38.28525105979445], [-87.60762288259845, 38.285486694266126], [-87.6076058298794, 38.28561852646131], [-87.60754492410314, 38.28593359855007], [-87.60740102657104, 38.28609172284993], [-87.60718493952439, 38.286300294602235], [-87.60714087356644, 38.28645790055383], [-87.60728882519541, 38.28678619888532], [-87.60735462140009, 38.28705769341357], [-87.60734775018648, 38.287322410212646], [-87.60724892921704, 38.28744453339218], [-87.60691366268162, 38.28751064975232], [-87.6068670293386, 38.28751801450008], [-87.60635167933484, 38.28759939896729], [-87.60580754910599, 38.28765228475537], [-87.60549891312719, 38.287646724363505], [-87.60516251561286, 38.28757692399402], [-87.60496065069378, 38.28731328410561], [-87.60507507270478, 38.286883480040466], [-87.60523665177662, 38.28666803941001], [-87.60519803320256, 38.286389249778715], [-87.6049514474537, 38.286204529358464], [-87.60460544784729, 38.286070394626954], [-87.60427789514523, 38.28597193343331], [-87.6038699099876, 38.28602410824367], [-87.60350718195397, 38.28606174290289], [-87.60313555610746, 38.28612088203486], [-87.60262744113498, 38.28613779977202], [-87.60213747662283, 38.28615462302033], [-87.601293445633, 38.286158952402516], [-87.60116597379587, 38.28610953044468], [-87.60048447858368, 38.28601287086657], [-87.59965865824131, 38.28602424785592], [-87.59873263442225, 38.285990824815705], [-87.59761311618593, 38.28597268790412], [-87.59614609007185, 38.28600399632008], [-87.59516290016305, 38.286008988517025], [-87.59493571892266, 38.285974373123906], [-87.5947852654856, 38.28570330043332], [-87.59454270508753, 38.285637764147694], [-87.5944578448359, 38.28561911664369], [-87.59411855833962, 38.28556360774974], [-87.5937428128192, 38.285489204484776], [-87.59342819495893, 38.28549079593521], [-87.59312575466063, 38.28550186416491], [-87.59284751587445, 38.285512808997446], [-87.5925453073415, 38.28555248805588], [-87.59208571127584, 38.28558342223611], [-87.5916491569972, 38.285471166869456], [-87.59120026974807, 38.28533035965092], [-87.59048581983966, 38.284897588672095], [-87.59048007241849, 38.28418822337204], [-87.59049831720189, 38.28363969062313], [-87.5903985538997, 38.283461353160206], [-87.5901871830083, 38.28351010704111], [-87.5897578422014, 38.28372687423615], [-87.5895169427883, 38.283865194034156], [-87.5894510459723, 38.284133783772354], [-87.58941409916297, 38.28424127312026], [-87.58931645857982, 38.2843252222897], [-87.58907672068837, 38.28435873494309], [-87.5885292505233, 38.28424571614248], [-87.58784619134418, 38.28395107429144], [-87.58751184378532, 38.28375602520436], [-87.58709483415234, 38.28362696504067], [-87.58669367169927, 38.283587241916386], [-87.58624024077142, 38.283631237457605], [-87.58553585109588, 38.28350360638454], [-87.58533874006129, 38.28344497704998], [-87.58444254929282, 38.28316568708254], [-87.58371423568464, 38.28288317001192], [-87.58211318811668, 38.282414218849254], [-87.58114334357975, 38.28219011347352], [-87.58053772546636, 38.282116806785396], [-87.57978781815537, 38.28215866731864], [-87.5794012191897, 38.28223688180303], [-87.57925768278034, 38.28244742846646], [-87.5789586830296, 38.28441375257903], [-87.5787264424775, 38.286049892084016], [-87.57846271777134, 38.286035060753676], [-87.57743742921508, 38.28612032499684], [-87.57644416020878, 38.28607843995381], [-87.57558792560586, 38.286042332576336], [-87.573918488397, 38.2858521938821], [-87.57244884638881, 38.28525891906049], [-87.57177713203343, 38.285247891690666], [-87.57163744849834, 38.285243332385015], [-87.57101451984938, 38.28522297768375], [-87.57048794270119, 38.28519693053976], [-87.56992515536221, 38.285185367268866], [-87.5694706105234, 38.28525400155462], [-87.5694356516858, 38.28525927655625], [-87.56941681670925, 38.28528180795161], [-87.56929179547619, 38.28543165346935], [-87.56920447473901, 38.28587561847264], [-87.56911742259808, 38.28634816377968], [-87.56904774477307, 38.28652149423277], [-87.56892153237396, 38.28683555198728], [-87.5689347645581, 38.28689256319021], [-87.56897788818331, 38.287078498865746], [-87.56906976876888, 38.28722113383988], [-87.56934326445042, 38.28737714990851], [-87.56947168311184, 38.28754824486037], [-87.56943806545897, 38.28789177605358], [-87.56947660048971, 38.288177729284165], [-87.56944152307449, 38.288335293789395], [-87.56937333555454, 38.288405269701876], [-87.56931545979575, 38.28846466569197], [-87.56895422476211, 38.28869533649908], [-87.56885742679866, 38.288814813298806], [-87.56883412180525, 38.28882560180795], [-87.56845965638412, 38.289272875443665], [-87.56751191219982, 38.28951221826352], [-87.56752147746096, 38.289854616976164], [-87.56743958164975, 38.29000461169519], [-87.56736796615868, 38.29013371622003], [-87.56724303475717, 38.29040616840268], [-87.56715392637257, 38.290621191818204], [-87.56717463972637, 38.29095018061314], [-87.56725006856584, 38.291307481059484], [-87.56732558633851, 38.29167908606898], [-87.5674363629861, 38.29192179534721], [-87.56758570341051, 38.29215359876217], [-87.56761505855735, 38.29320401132385], [-87.56739279289819, 38.29339742823411], [-87.56638109225891, 38.29343298202097], [-87.56615182333378, 38.293631913837224], [-87.56602209313202, 38.29417777231964], [-87.56652274220617, 38.29516294797701], [-87.56661867688862, 38.29615459074746], [-87.56639232838648, 38.296904596246485], [-87.56552841857776, 38.29851579852207], [-87.5652447297127, 38.29898488746233], [-87.56471040369688, 38.29957032490148], [-87.56470754346101, 38.29957515331472], [-87.56459179014676, 38.29966137099762], [-87.56430407862587, 38.30002042976618], [-87.56414278881155, 38.3002930316471], [-87.56403475561886, 38.300716224046454], [-87.56394895483112, 38.301052246346224], [-87.56393390445686, 38.301452907948985], [-87.56391840672158, 38.30179637966509], [-87.56390290988459, 38.30213979265361], [-87.56395658422284, 38.30235797544527], [-87.56395914801465, 38.30236843625236], [-87.56412419278686, 38.302582267395756], [-87.56456249608534, 38.30290919849839], [-87.56512874014153, 38.30335000487956], [-87.56560107701286, 38.30371767668355], [-87.56564020762664, 38.303748134335564], [-87.56664478372741, 38.30451587146428], [-87.56721374069575, 38.305300060470316], [-87.56750949932496, 38.30597103045757], [-87.5674941210656, 38.30632877716581], [-87.56757110129556, 38.30688637978902], [-87.56760400209285, 38.30695951413213], [-87.56788494929965, 38.307337944233424], [-87.5688514988161, 38.307969276522584], [-87.56970655662603, 38.30862838525978], [-87.56986114141506, 38.30882639147938], [-87.57016905963995, 38.310291443637965], [-87.57042449469267, 38.311073308276164], [-87.57050695823914, 38.31119773305381], [-87.57031383931766, 38.311651652388576], [-87.57011565389799, 38.31185290751868], [-87.56986236402217, 38.31196859985481], [-87.56962731264156, 38.31209850830953], [-87.569737581741, 38.31226963378258], [-87.57010298765249, 38.3125540065192], [-87.57047846727157, 38.31311041590176], [-87.57050716664828, 38.313152944375005], [-87.57067328580555, 38.31349549231934], [-87.57098477932527, 38.313851659718246], [-87.5713515264215, 38.31430769527933], [-87.57159340320162, 38.31505048805631], [-87.57156196126836, 38.31566584673165], [-87.57151117770871, 38.316138243847874], [-87.57153269595304, 38.31656733755353], [-87.57168877014881, 38.31685937096179], [-87.57169786020118, 38.31687275183065], [-87.57267242628325, 38.31766933725124], [-87.57277834304513, 38.317895001325724], [-87.57556194093794, 38.320158308723364], [-87.5756775415386, 38.32016723054147], [-87.57612357843335, 38.32042564704815], [-87.57656961353149, 38.32074070471931], [-87.5767289108825, 38.32091416162529], [-87.57682322769914, 38.321895267124525], [-87.57694906639907, 38.32224270286197], [-87.57760080491748, 38.32345231676931], [-87.57778842345448, 38.32368241331699], [-87.57800082201855, 38.32385941227859], [-87.57816719899232, 38.32399393100302], [-87.57843623543678, 38.32396738120034], [-87.57876191335484, 38.32411960003094], [-87.57903094979926, 38.324310756863966], [-87.57907697049126, 38.325337346919916], [-87.57911945092273, 38.326417035780146], [-87.57913241001903, 38.327169664197065], [-87.57937082918365, 38.32735637542323], [-87.580545904627, 38.3275627567048], [-87.58177110785986, 38.32747621067388], [-87.58269629175413, 38.32734284497652], [-87.58384049299951, 38.32733712342908], [-87.58491373452397, 38.327546425079035], [-87.58524155941555, 38.327659226327675], [-87.58577031318167, 38.327914126426094], [-87.58606228631027, 38.328084356242115], [-87.58627233308493, 38.3282386438887], [-87.58672002377814, 38.32856751211895], [-87.5873958515192, 38.32903624320603], [-87.58779025594639, 38.329392053792866], [-87.58778161325503, 38.3294726090796], [-87.58674905103992, 38.32961303818184], [-87.58532423226946, 38.32952312336407], [-87.58429468030886, 38.33020911433283], [-87.58388492816503, 38.33060694552991], [-87.58364655301789, 38.33093446835715], [-87.58331274354987, 38.33122234128253], [-87.58326374404439, 38.33138771589297], [-87.58326374404439, 38.33157146439114], [-87.58326068168758, 38.33174602637173], [-87.58327293111479, 38.33185015015699], [-87.58325149461717, 38.3319879617519], [-87.58316773570009, 38.332285873346784], [-87.58314732148524, 38.33233366285517], [-87.58314556078729, 38.332561670077524], [-87.58266864430465, 38.33266334259124], [-87.58244371963222, 38.33280881156436], [-87.58199414247692, 38.3332254927745], [-87.58167823373758, 38.33396059639595], [-87.58138203403558, 38.33444191837386], [-87.58001499041264, 38.3354075812481], [-87.57971743066129, 38.33588580170759], [-87.57952463872658, 38.336387733097624], [-87.57961404625019, 38.33741796967952], [-87.57970356875813, 38.33787816990035], [-87.57999684803714, 38.338768256744736], [-87.58026064999842, 38.33967999107545], [-87.58025602097977, 38.34005486555838], [-87.58011787985201, 38.34040482261309], [-87.57983949284377, 38.34111006952606], [-87.5797290458779, 38.34176620524876], [-87.5796862339681, 38.34190227742573], [-87.579520155235, 38.34219489360165], [-87.57904346243285, 38.34240778648112], [-87.5791684198855, 38.34283357106754], [-87.5791380972531, 38.34320178596754], [-87.57913602394143, 38.34322695977073], [-87.57860842091718, 38.343624974542884], [-87.57777831111932, 38.34344826833571], [-87.57767354599763, 38.34342596566881], [-87.57698858957663, 38.34344910675518], [-87.57694945267464, 38.34345235474999], [-87.57681229969369, 38.343453030417436], [-87.57680872350055, 38.34345368565282], [-87.57670225696971, 38.34347286502349], [-87.57645311910711, 38.34349353663399], [-87.57632115030368, 38.343541650594794], [-87.57567086705602, 38.343778733096805], [-87.57556452628933, 38.343817502413984], [-87.57551488897998, 38.34387071217067], [-87.57492122205312, 38.344507087911474], [-87.57486093880935, 38.344552723319765], [-87.57442601676959, 38.34488196348288], [-87.57437667770094, 38.34497304991355], [-87.57412518894725, 38.345437335647766], [-87.57399044255295, 38.34515679989087], [-87.57332452951766, 38.34433122085637], [-87.57262939159124, 38.34375039534573], [-87.57233757926109, 38.3435914413594], [-87.57206013548391, 38.34344031321369], [-87.57193896802343, 38.343319145275395], [-87.5713520384612, 38.34273221649092], [-87.57159732704278, 38.34240825078899], [-87.57173894644733, 38.34183668059017], [-87.57144737576398, 38.34122577294672], [-87.57131316207064, 38.341091558878055], [-87.57054027136313, 38.34119337513388], [-87.57002192547789, 38.341248914031425], [-87.56941101718577, 38.34117023473602], [-87.56907779521596, 38.341031392898216], [-87.56869366212574, 38.340790732706445], [-87.56797630886236, 38.340429741624405], [-87.56774953186381, 38.340378832625454], [-87.56733115319832, 38.34025063485107], [-87.56718305424565, 38.340084024189764], [-87.56692850942338, 38.339727660858955], [-87.56654900625013, 38.33924171027922], [-87.5662805770668, 38.339042702045916], [-87.5655539657661, 38.338973281587606], [-87.56477644693825, 38.3388298105507], [-87.56467925820766, 38.33926022351372], [-87.56449876241255, 38.339579561443124], [-87.5645542998567, 38.34000256896281], [-87.56512355416739, 38.341025376508846], [-87.56552619884067, 38.341548351701334], [-87.56585479269013, 38.34221942378126], [-87.56617875841926, 38.34313717387066], [-87.5662666936041, 38.34376196689488], [-87.56627131992781, 38.344062792000464], [-87.56619620909196, 38.34432368362695], [-87.56592884171732, 38.34456262497291], [-87.56528877770434, 38.34509716991836], [-87.56462673730626, 38.345779806415926], [-87.56424745781352, 38.34617088799421], [-87.56390497780639, 38.346411547220185], [-87.56362092332702, 38.346742297179304], [-87.56356712771624, 38.346804934809086], [-87.5631264995778, 38.34734448077143], [-87.56311357461749, 38.34736030702408], [-87.56277694533782, 38.34771426141654], [-87.56273002183895, 38.34778065889123], [-87.56170685240842, 38.34899418555434], [-87.5604457390221, 38.3507311918415], [-87.55998924214417, 38.3516233405566], [-87.55885538230434, 38.35249672680202], [-87.55828392262961, 38.352740539321715], [-87.55816519050187, 38.35275058356615], [-87.55777260426484, 38.352744533631466], [-87.55762070184522, 38.352796657592094], [-87.55739211833466, 38.352875127008865], [-87.55717569352147, 38.35309074716333], [-87.55677851868995, 38.353421701203146], [-87.55632576060025, 38.35360984386284], [-87.55609279600603, 38.35367987937193], [-87.555796083366, 38.35382102306928], [-87.55397247908473, 38.355054153853295], [-87.55333786874384, 38.35524301079957], [-87.55142438083186, 38.35529158963362], [-87.5512616600013, 38.355319960908744], [-87.55114352345659, 38.355465604876976], [-87.55103590618387, 38.355652107935505], [-87.55098315621207, 38.35588125832476], [-87.55085834518482, 38.356196596483045], [-87.55073388989041, 38.3565548497734], [-87.55060898903163, 38.35685588308343], [-87.55031209762684, 38.3571451153872], [-87.55028792845414, 38.35727418984762], [-87.55019068312968, 38.358054325541204], [-87.5502190555196, 38.35829152114089], [-87.55025085408406, 38.35889224708361], [-87.55022945621397, 38.359664931846254], [-87.5500991609719, 38.360459581066806], [-87.54996680858783, 38.360975250938566], [-87.54980587540469, 38.36131937818497], [-87.54986235158829, 38.361576632223446], [-87.54997348396871, 38.36185510535617], [-87.54997527251444, 38.36209116995888], [-87.54986753666411, 38.36226330720622], [-87.54978677183185, 38.36239250144115], [-87.54956298712153, 38.36257077794951], [-87.54954289989347, 38.36258678260138], [-87.5495464464422, 38.36262966803538], [-87.54957291081048, 38.36295147315402], [-87.5496843719743, 38.36327286197313], [-87.54985034111293, 38.3635939817092], [-87.55015194058812, 38.36382864531206], [-87.55045386884667, 38.36410619412211], [-87.55072757293733, 38.364255116077], [-87.55089178317465, 38.364340172139585], [-87.55130174462592, 38.364488498437794], [-87.55165740561318, 38.36465852046231], [-87.55187689996971, 38.36485062615494], [-87.55215143859526, 38.36510686747603], [-87.5525620845628, 38.36534099439646], [-87.552808520293, 38.36549003495729], [-87.55321785561851, 38.36555250071109], [-87.55357238383023, 38.36557228982137], [-87.55381735889978, 38.36552821157117], [-87.55400797511486, 38.36550586006139], [-87.55402046259563, 38.36550669540819], [-87.55430680328737, 38.3655257985044], [-87.55430796570735, 38.36552588795549], [-87.5545541031969, 38.36563207338366], [-87.55474591057805, 38.36575989519192], [-87.55485623896631, 38.3659310200366], [-87.5550106449906, 38.3661110859939], [-87.5550238169876, 38.3667119308765], [-87.55453279336173, 38.36768846361725], [-87.5545470092011, 38.36815382710284], [-87.55465635393412, 38.3683141041049], [-87.55482220449514, 38.368613766527055], [-87.55501511500744, 38.36889182169628], [-87.55523612931344, 38.3692770771183], [-87.55534714311624, 38.369534062708155], [-87.55532136416254, 38.369727330229885], [-87.55530720761197, 38.36975954695031], [-87.55516060974414, 38.37009291588258], [-87.55510723454489, 38.370243417222774], [-87.55499917080947, 38.370372669755916], [-87.5547275822513, 38.370502727062785], [-87.55448323330751, 38.37063263553079], [-87.55426630274282, 38.37078388299835], [-87.55413180428353, 38.371020602342206], [-87.55419385271682, 38.371080892010916], [-87.55435150615088, 38.37123416617482], [-87.55473658247213, 38.37168301827064], [-87.55517682253839, 38.37221743414255], [-87.55542430211095, 38.37249525150717], [-87.55553498713037, 38.372709321583066], [-87.55561363643011, 38.37286146194758], [-87.55564933907277, 38.3729152849072], [-87.5557431860705, 38.373504686091984], [-87.5560343552069, 38.37386001838049], [-87.55641779210278, 38.37407861842028], [-87.55690994850423, 38.37426941314004], [-87.5575114783848, 38.374502616723504], [-87.55775830039056, 38.3746945737466], [-87.55781057425527, 38.37478901645163], [-87.55784121129803, 38.37484441972008], [-87.55786541101347, 38.37485526796663], [-87.5583609935894, 38.37507801019434], [-87.5586360694075, 38.37539859373704], [-87.55880245536443, 38.37576262887573], [-87.55924224896796, 38.37623267219557], [-87.55959415409905, 38.37650634593265], [-87.55962622215807, 38.37653129054946], [-87.55971306588984, 38.376542258262596], [-87.56011739400596, 38.37659330944516], [-87.56055358087363, 38.37659122280664], [-87.56096366090252, 38.37673948948901], [-87.56102112074134, 38.376984225998854], [-87.5611184837451, 38.37706829878911], [-87.56129628549266, 38.37779720465156], [-87.56132683180557, 38.378585386603795], [-87.56181702089657, 38.3789314216222], [-87.56298044519072, 38.37950398418444], [-87.56321489919165, 38.379687923279334], [-87.56351119411507, 38.38093851813903], [-87.5639943799401, 38.38077490377071], [-87.56501496042597, 38.38012294813089], [-87.56519949684319, 38.37989868557576], [-87.56522789797923, 38.379375505686475], [-87.56532928543544, 38.37911196366907], [-87.56631165967396, 38.37771581367688], [-87.56655133019176, 38.37753613574795], [-87.56817701764963, 38.37747915285562], [-87.56848502480774, 38.37739928335091], [-87.56920990595323, 38.37693746665981], [-87.56965554040274, 38.37649517187393], [-87.57016933362611, 38.3761636789431], [-87.57078537758672, 38.375998424170135], [-87.57162836563249, 38.37556518793928], [-87.57312733314312, 38.37509928899776], [-87.57341054410445, 38.37467931405196], [-87.57435620240066, 38.373844848654976], [-87.57540309903277, 38.37364931525641], [-87.5769615520832, 38.37375004765805], [-87.57768098045491, 38.37372066242952], [-87.57778996765843, 38.37320791309672], [-87.57796344671286, 38.372992561321865], [-87.57915536197454, 38.3724935513955], [-87.57951129065978, 38.37242649625621], [-87.58039939928565, 38.37258954425614], [-87.58142436175345, 38.37350161551064], [-87.58174616793264, 38.37357793913818], [-87.58397311577647, 38.37328009384937], [-87.58493754976045, 38.37334369237757], [-87.58708859355605, 38.37321682345261], [-87.58838135818311, 38.373279527621165], [-87.58966601820968, 38.37313284055847], [-87.59106163095362, 38.3728480794453], [-87.59190706331529, 38.372867867969234], [-87.59250746131858, 38.372800127219215], [-87.59353525437785, 38.3729406448712], [-87.59544525592821, 38.373436943825304], [-87.5967591812701, 38.373527035131396], [-87.59807215260116, 38.373451844608155], [-87.59840006732426, 38.373373792586115], [-87.59878195462629, 38.370518311612], [-87.5989550159641, 38.37024228260592], [-87.60293693590319, 38.370236858137055], [-87.60427857696654, 38.370299264859106], [-87.60660429098262, 38.37019906855136], [-87.60866166564689, 38.370330765059286], [-87.60845969472663, 38.37009941018622], [-87.60827065954645, 38.36964334469447], [-87.60831798549056, 38.369373216514674], [-87.60863666104098, 38.368920429922845], [-87.60939572667627, 38.3685105287865], [-87.60956908625475, 38.368295117251904], [-87.61037637255617, 38.36777485737006], [-87.61066217695371, 38.36766935757026], [-87.61164839598163, 38.367881460679975], [-87.61194841532023, 38.36781997804995], [-87.61291693124885, 38.36739842402646], [-87.61348076153189, 38.36706067516606], [-87.61377404620079, 38.36704330018332], [-87.61474986363605, 38.36667682082778], [-87.6153209666796, 38.36639411560757], [-87.61551536659867, 38.36618964240426], [-87.61549143547951, 38.365688307034006], [-87.61560182315658, 38.36545653514162], [-87.61555002629727, 38.36497177004171], [-87.61562497992796, 38.3646519319922], [-87.61628954099872, 38.36364160194378], [-87.6168860942126, 38.3629400554051], [-87.61703233544928, 38.36169425900188], [-87.61695788846843, 38.36092300396328], [-87.61704708758289, 38.36065272701249], [-87.61738146927772, 38.3605029706943], [-87.61862634202205, 38.36076388903131], [-87.61932645841176, 38.36103184251148], [-87.62094904668193, 38.36137978370538], [-87.62152300906303, 38.36157648007784], [-87.62197248830195, 38.361982953556804], [-87.62250025751453, 38.36262611731821], [-87.6249267346577, 38.3649205986689], [-87.62636413074046, 38.36573989483173], [-87.62694053743746, 38.36593223853696], [-87.62745891835701, 38.36628912232276], [-87.6279766156586, 38.36669556581648], [-87.62902968102178, 38.367750686597], [-87.62978487132494, 38.36813725318758], [-87.63144188124015, 38.369417948127904], [-87.63233729316927, 38.37027351449517], [-87.6345614715071, 38.37295709373538], [-87.6368501713402, 38.375008358778196], [-87.63753964718538, 38.3750533897342], [-87.63908907037057, 38.37496332708996], [-87.64063351688912, 38.37501673227611], [-87.64163094150189, 38.37491483822013], [-87.64602028784653, 38.375109954102086], [-87.64672460745346, 38.37502701428229], [-87.64701965012537, 38.37514574669912], [-87.64729398034179, 38.37554414378543], [-87.64984714778781, 38.377317322915005], [-87.65066387897613, 38.37774683459544], [-87.65134098771479, 38.37797806994828], [-87.65194821111763, 38.37798352411819], [-87.65236696348227, 38.377862347787655], [-87.65404179507438, 38.376920444754255], [-87.6548304242657, 38.37672759433434], [-87.65681955122291, 38.37658418471442], [-87.65951368140499, 38.376578314237975], [-87.66190081772861, 38.37689183476085], [-87.66310143497046, 38.3771945370168], [-87.66338071310744, 38.37740374953846], [-87.66353440317447, 38.377723140389456], [-87.66425374261296, 38.378659231677624], [-87.66484028230634, 38.379209858964856], [-87.66565093459515, 38.379777354712125], [-87.66621583836493, 38.380327536183664], [-87.66749364244926, 38.38124145415367], [-87.66855475581906, 38.38153310013291], [-87.6726799938769, 38.38159267474665], [-87.67285451587534, 38.381653202774345], [-87.67291793603611, 38.382716102741114], [-87.67349738173371, 38.38288114781829], [-87.67409775099092, 38.38300214603737], [-87.67855135113287, 38.38338635740046], [-87.67959836724091, 38.38339154217141], [-87.68258572190477, 38.38313169547143], [-87.68515450566369, 38.3832298944568], [-87.68659959042697, 38.38346616677869], [-87.68969244593274, 38.38427452514329], [-87.69050944751396, 38.3846486638772], [-87.69082389110108, 38.38503955168982], [-87.69168240742484, 38.38497860541403], [-87.69402782149511, 38.38499410234724], [-87.69482366236149, 38.385065359467895], [-87.69529823513957, 38.384977025301254], [-87.69571710608184, 38.385015381754826], [-87.69594753832526, 38.38511441400743], [-87.69602448801248, 38.38532362615755], [-87.69588283806522, 38.39084191484104], [-87.69596109839446, 38.39248852386773], [-87.69764487091861, 38.392569465917546], [-87.70136911899992, 38.39259202662671], [-87.70179460783089, 38.3925442240784], [-87.70368225750035, 38.39262683542915], [-87.70741243625916, 38.39257754307893], [-87.71110908719663, 38.39262203715374], [-87.71138958614411, 38.3926911787583], [-87.71222700194016, 38.39262316930735], [-87.71252153886057, 38.39269770482902], [-87.7140709925885, 38.392590327691416], [-87.71490509988936, 38.392301990406764], [-87.71573589869506, 38.39179329452021], [-87.71615316165295, 38.39166287838218], [-87.71883000735065, 38.391727222569095], [-87.71982355752962, 38.391823037122975], [-87.72052450755594, 38.39197654827169], [-87.72108866662234, 38.39232407313003], [-87.72209014353537, 38.39341141078787], [-87.72237156684926, 38.39354111125678], [-87.72335873988804, 38.39367551957852], [-87.72421615308063, 38.39400939436452], [-87.72469766893754, 38.39443479309522], [-87.7249139742748, 38.394879086126274], [-87.72660773067501, 38.39507321810684], [-87.73129197146956, 38.3952680057407], [-87.73298134588781, 38.39517013499493], [-87.73382203963635, 38.3948595648273], [-87.73508157558103, 38.39452315654524], [-87.7379059129703, 38.394629788737404], [-87.73918052893367, 38.39482755712323], [-87.74114596282526, 38.39542118923365], [-87.74156540060447, 38.395433915611406], [-87.74212955877256, 38.39531861001298], [-87.744804526093, 38.3961591246458], [-87.74565278994444, 38.39634419713099], [-87.74589234098632, 38.39647422464502], [-87.74595567131553, 38.396958423146366], [-87.74590295188645, 38.39762000526249], [-87.74588596474442, 38.39772034945544], [-87.745833959476, 38.397812349403935], [-87.74567275769658, 38.3980494562256], [-87.74556567851471, 38.39824326077195], [-87.74543156812763, 38.39845873168524], [-87.74537944338327, 38.39869512462621], [-87.74543660498142, 38.39895228802665], [-87.74557429156165, 38.399080169947155], [-87.74582033921966, 38.399142963634766], [-87.74585494052778, 38.39914275454318], [-87.74606576165023, 38.39914141410399], [-87.74631070707538, 38.39909694938553], [-87.74661069676958, 38.39909501194281], [-87.74699243584955, 38.399092597179504], [-87.74740171098794, 38.3991114323314], [-87.7479475111849, 38.39915089081123], [-87.74835767835036, 38.39925555691539], [-87.74837311859348, 38.39925981829423], [-87.74898242698607, 38.399310572542795], [-87.74940362276828, 38.39943893044377], [-87.74996891371195, 38.39984692449153], [-87.75086092731435, 38.400239599278045], [-87.75095051270438, 38.40045980849279], [-87.75073683044775, 38.40073434870326], [-87.75032019451392, 38.40095655505126], [-87.74986135752467, 38.40083865699702], [-87.74810859259007, 38.40063647761347], [-87.74739670467687, 38.400785817176704], [-87.74693727120628, 38.40164534561552], [-87.74681263804543, 38.40229533461687], [-87.74654149594997, 38.40302248114972], [-87.7460191813078, 38.40387107292677], [-87.74493190360704, 38.405105635204784], [-87.74328055577308, 38.40732093138623], [-87.74301549347545, 38.407491907239205], [-87.74259656234605, 38.40753079870394], [-87.74207526010522, 38.40907324805178], [-87.74131667147533, 38.41072054204446], [-87.74068960159295, 38.41164080791748], [-87.73991584311287, 38.41253356704747], [-87.73951142516522, 38.41293041447885], [-87.73852097507229, 38.413674728407706], [-87.7383333098229, 38.414286152885985], [-87.73772656432384, 38.414809838965], [-87.73765000181048, 38.41499714630862], [-87.73769202320284, 38.41506318924962], [-87.73804500182068, 38.415088789231355], [-87.73917945724354, 38.41489093198692], [-87.73973521167215, 38.414671020130164], [-87.73981022459165, 38.41462896935554], [-87.73982807591297, 38.414624498428275], [-87.74035703718994, 38.4144713148056], [-87.74070941932644, 38.41434066084861], [-87.74106177271683, 38.41421000735918], [-87.74129181778638, 38.41409079850478], [-87.7415080332921, 38.41395031082531], [-87.74164273926223, 38.413820998204756], [-87.74179130444055, 38.41371302388621], [-87.74198063875971, 38.41360481149778], [-87.74215650194289, 38.4135073583393], [-87.7423194015382, 38.41347418764818], [-87.74249580101561, 38.41343028991809], [-87.74263020964334, 38.41342945512474], [-87.742700900768, 38.41345967379432], [-87.74278941356957, 38.4146763244258], [-87.74274587312607, 38.4152696590974], [-87.74257245336048, 38.41560255151713], [-87.74242552760754, 38.4158710402281], [-87.74206143233806, 38.41618375553689], [-87.74175643543448, 38.416503505107656], [-87.74168762178877, 38.416558490010345], [-87.74136414833642, 38.416932510255144], [-87.74104210320537, 38.41744961038315], [-87.74083002983143, 38.41805182640768], [-87.74054726533281, 38.41885478972052], [-87.74029972826807, 38.41954307398616], [-87.73994156367607, 38.42008899397201], [-87.73961951944335, 38.420606063764545], [-87.73948189215191, 38.421379494175284], [-87.73952558261409, 38.42209454128785], [-87.73964371915879, 38.42298083300418], [-87.73968535337725, 38.423495608199566], [-87.73958119372007, 38.42398269833864], [-87.73962252969787, 38.424468862556374], [-87.73988151129933, 38.42489640724795], [-87.74010556640255, 38.42546727151512], [-87.74014719972271, 38.42598204658307], [-87.74007999495969, 38.42652611842778], [-87.74009671530204, 38.426630694215596], [-87.73771985929855, 38.430538345950765], [-87.73755347423993, 38.43154241598065], [-87.73761981392535, 38.43176772166303], [-87.73758005718582, 38.4323685361939], [-87.7377406921283, 38.43281881941288], [-87.73742228337753, 38.4334827563659], [-87.73726099446152, 38.43436565034183], [-87.73697533918434, 38.43442883134701], [-87.73685287994647, 38.43465029163457], [-87.73680629870574, 38.43485434892451], [-87.73673790367495, 38.435006013038105], [-87.73660564112242, 38.43541457326113], [-87.73641991264078, 38.435930778314564], [-87.73628913949497, 38.43648957222531], [-87.73615884425291, 38.43709128190182], [-87.73608311717277, 38.43769263333774], [-87.7360322437816, 38.43805777195264], [-87.7360082228309, 38.43837981562497], [-87.73590170958768, 38.43863802270332], [-87.73565855270824, 38.438875606314404], [-87.7354343197386, 38.439094713415486], [-87.73535519523007, 38.43913151851352], [-87.73326590252542, 38.43966271570444], [-87.73241078363004, 38.43997894810284], [-87.73130321029207, 38.44070508284782], [-87.73054071758396, 38.44159888433945], [-87.73011034281618, 38.442263803676695], [-87.72956078766133, 38.44337054263213], [-87.72940137442764, 38.443922839828666], [-87.72925129109649, 38.44693752340749], [-87.72969919019884, 38.448349260708255], [-87.73016032148533, 38.44924857532808], [-87.73042037657356, 38.450259828318366], [-87.73062291343246, 38.4507042396047], [-87.7319822863412, 38.452273035204335], [-87.73342084574224, 38.45352708687269], [-87.73399975604394, 38.453890943139115], [-87.73413604304896, 38.45411559377877], [-87.7346384195834, 38.45450218965023], [-87.73578107123491, 38.45514738028028], [-87.73603653683035, 38.455392981093766], [-87.73603299028161, 38.45561888203241], [-87.7357949888336, 38.45606174506407], [-87.73521801619798, 38.45674454582577], [-87.73499408146901, 38.45719277346493], [-87.73459532650091, 38.45764260990506], [-87.73338106025662, 38.46010499646046], [-87.7326884834271, 38.46100920026607], [-87.73191520285074, 38.46166622232156], [-87.73082869949774, 38.46241968453173], [-87.7296968366128, 38.4629532059399], [-87.72860210738675, 38.46362962860416], [-87.72787478192538, 38.46419307192159], [-87.72748350722865, 38.46437814455928], [-87.72705414486221, 38.46511044712001], [-87.72668042414443, 38.46594971088424], [-87.72671439842848, 38.466614749082844], [-87.7266101803808, 38.46710899114559], [-87.72631939841828, 38.468055036806646], [-87.7259448135212, 38.4688084393077], [-87.72607191974402, 38.46911415157769], [-87.72607120468506, 38.46923279484766], [-87.72644960562545, 38.470667210350626], [-87.72644570154722, 38.47133379944501], [-87.72623556494102, 38.47177639438751], [-87.72428506194777, 38.47276341747515], [-87.72392803013135, 38.47320732231142], [-87.72319301509117, 38.47455805391653], [-87.72286393794808, 38.47546443246976], [-87.72233145976678, 38.476500778732216], [-87.7215683409329, 38.478147774365986], [-87.7213754304206, 38.478342323920224], [-87.71618550369811, 38.478366493578605], [-87.71348431096128, 38.478291302419166], [-87.71316035870687, 38.47814541991143], [-87.71327432257709, 38.477813870024974], [-87.71302985415736, 38.477369844462636], [-87.71268468369595, 38.47627112167676], [-87.71233522108413, 38.475822507655266], [-87.71190261130793, 38.475424169646494], [-87.7114822491623, 38.47537830385598], [-87.71091698786302, 38.475465952935764], [-87.70563151542862, 38.478465258641315], [-87.7053457703199, 38.47853386379265], [-87.70480545433774, 38.478896707838814], [-87.7045301404661, 38.4791965784854], [-87.70451899506837, 38.48174726996256], [-87.70340501314915, 38.48210409388224], [-87.70088841432172, 38.4831673515323], [-87.70019738798437, 38.48374629162478], [-87.69934969096988, 38.484133810873864], [-87.69893090896083, 38.48419806566202], [-87.69864346513789, 38.484156490654144], [-87.69835450136551, 38.48401028108143], [-87.69799127117363, 38.483572752481166], [-87.69786416405252, 38.48301747560611], [-87.69689981990007, 38.48071217630968], [-87.69644154974777, 38.47904148756272], [-87.69587944692503, 38.47839632712147], [-87.6954581020225, 38.47828432978727], [-87.69490044047052, 38.47841587718175], [-87.69295190478773, 38.47957864475246], [-87.69052352231783, 38.48141762757493], [-87.68913774343132, 38.48232755191873], [-87.68846203516617, 38.48299995199482], [-87.6858422019463, 38.48611852797093], [-87.68437488387976, 38.48768466957526], [-87.68247418079089, 38.48927653152231], [-87.6816328312722, 38.48963630576436], [-87.68105913658906, 38.48963570880698], [-87.68045540134447, 38.489492180843605], [-87.67960943179027, 38.489047709011665], [-87.67742244819678, 38.487303618033636], [-87.67658336063599, 38.486848029147716], [-87.67558683254184, 38.48663068151841], [-87.67487419902695, 38.486697349430564], [-87.67403767705461, 38.486902806480245], [-87.6734764105634, 38.48727667673022], [-87.6730700262036, 38.48772085080377], [-87.67293329273589, 38.48794237183567], [-87.67285738599269, 38.48849940588527], [-87.67272780491126, 38.48873186466175], [-87.67270271227045, 38.49185008291616], [-87.67281780801791, 38.49206945802968], [-87.67289013856795, 38.494178687593475], [-87.67285634304865, 38.494746391890665], [-87.67250205289048, 38.4954104768501], [-87.67249981788206, 38.49574101492433], [-87.67192817944257, 38.49685866185774], [-87.67107303090282, 38.49772528367468], [-87.67082409246622, 38.49793124711254], [-87.67026121619404, 38.49820045182794], [-87.66968269306622, 38.49835408277659], [-87.66939542890636, 38.49832895875849], [-87.66909964063275, 38.49819377569874], [-87.66859684548338, 38.497773860971996], [-87.66807861278585, 38.49676463602127], [-87.66743881647083, 38.49508438070515], [-87.66725368447057, 38.494860058767486], [-87.6669787281284, 38.494713639597904], [-87.66388739167378, 38.49479485026694], [-87.6597865904866, 38.49473572335178], [-87.65887139136673, 38.49483153836093], [-87.65694613013464, 38.49474853839429], [-87.65605194081262, 38.49484414457185], [-87.65071190021628, 38.49472898854583], [-87.64976144491645, 38.49430719607364], [-87.64652893462164, 38.493303900967966], [-87.6438827250684, 38.49269223733738], [-87.64359620651021, 38.49271664545628], [-87.6430126465286, 38.492512142920916], [-87.64243141228526, 38.49247289294721], [-87.64069635044997, 38.49197486626935], [-87.63950497148251, 38.491329109343795], [-87.63846537635702, 38.490527874021026], [-87.63682845366989, 38.48953319097172], [-87.63626584599396, 38.48932296644495], [-87.63601142244424, 38.48913774408217], [-87.63487076864594, 38.48861274651664], [-87.62978354002169, 38.48700714641829], [-87.62613785051028, 38.486436313249506], [-87.6250255987463, 38.48636431020648], [-87.62240686775928, 38.486007099542356], [-87.61823504756237, 38.48601347795566], [-87.61433827353918, 38.486287718955154], [-87.61210411222359, 38.486132092009626], [-87.61048805021399, 38.48635772509463], [-87.60974719522612, 38.48623607234081], [-87.60919960648344, 38.485925859982935], [-87.6074411201788, 38.48462707426725], [-87.60681607509905, 38.48425129730399], [-87.60662051276002, 38.48423055411896], [-87.60583337387378, 38.48496822139916], [-87.60451897152646, 38.485973751914585], [-87.60349925611821, 38.48650369645571], [-87.60276149852147, 38.4866627519054], [-87.60194592795648, 38.4867233100445], [-87.5993620354328, 38.48648715741393], [-87.59830530494327, 38.48682457885077], [-87.59805955552594, 38.48795504112885], [-87.59679158529904, 38.49067280475494], [-87.59673794150353, 38.49214894344605], [-87.5968560178611, 38.494014956329295], [-87.59705831666646, 38.494646885592545], [-87.59875317529954, 38.49714122092773], [-87.59949313826031, 38.498446920503206], [-87.59846477836409, 38.49947799186924], [-87.59806673845496, 38.500086376613226], [-87.59774302605074, 38.50005475651479], [-87.59794082429651, 38.50029079086103], [-87.59785040347329, 38.50084585870666], [-87.59821628639018, 38.50174386351889], [-87.59595741960767, 38.502597192523474], [-87.59423544083617, 38.50335387411943], [-87.59108163912995, 38.50446386201351], [-87.58908503100305, 38.505265962366714], [-87.58903421869732, 38.50525204481749], [-87.58899437302458, 38.505200605818764], [-87.58874772888521, 38.5050945389979], [-87.5885012338662, 38.50500996001267], [-87.58822711205895, 38.504882584850634], [-87.58776216562745, 38.5047990790701], [-87.58746193698138, 38.504822026508755], [-87.58716188710008, 38.50486646197476], [-87.58680685223855, 38.504868249656404], [-87.58653463755464, 38.50497690940189], [-87.58577068418589, 38.505066554798745], [-87.58549846950197, 38.505175214245085], [-87.5849242987117, 38.50509224447392], [-87.58473174572887, 38.50504289180475], [-87.58453200981701, 38.50499166144177], [-87.5845137416774, 38.50498704286207], [-87.58404933154013, 38.50496785009432], [-87.58369379002878, 38.50490526442697], [-87.58328397859616, 38.50488583332679], [-87.58284829837831, 38.50503821277206], [-87.58241234956418, 38.50516916441308], [-87.58186720513739, 38.50530062195957], [-87.58129455339828, 38.505410772064934], [-87.58115701504006, 38.50556902234587], [-87.58105103809105, 38.50569094403292], [-87.58083905365031, 38.50594423331076], [-87.5806723101639, 38.506143522458636], [-87.58069940065793, 38.50629557306592], [-87.58072953105086, 38.50646508853874], [-87.58097703936953, 38.5066784734803], [-87.58103336553447, 38.50689278148112], [-87.58098046644234, 38.50710765683543], [-87.58081798456364, 38.50728015234373], [-87.58060003980097, 38.50734559838884], [-87.58049936740372, 38.50735599934239], [-87.58035920686319, 38.50742731641039], [-87.58007763532729, 38.507472646537785], [-87.57965867365519, 38.507400285624], [-87.5795781774192, 38.507334273747944], [-87.57950677123559, 38.507243704675126], [-87.57931418771003, 38.50707302623072], [-87.57914848806598, 38.50683773675582], [-87.57903753355198, 38.5066236971235], [-87.57870774045162, 38.50636781417949], [-87.57824210950386, 38.50619841798234], [-87.57802276336938, 38.50609220219559], [-87.57778964965483, 38.50606010530843], [-87.5777220289718, 38.5060507776026], [-87.57736648746045, 38.50598816194567], [-87.57730887939961, 38.50596381385808], [-87.57706509549612, 38.50586087638519], [-87.57665471722655, 38.505777072272735], [-87.5764092956943, 38.5058211795645], [-87.57619132128724, 38.50588662552961], [-87.5758910935395, 38.50590957332473], [-87.57553656353116, 38.505975704605774], [-87.5753619525995, 38.50603912447119], [-87.57523702119799, 38.50608445336341], [-87.57512877869783, 38.506213765889036], [-87.57510389356783, 38.506514322838086], [-87.57502402435593, 38.50677223190321], [-87.57499925780353, 38.507094246475994], [-87.57508356918453, 38.50739426620611], [-87.57511277521104, 38.50763021112501], [-87.57530565607897, 38.507843834429735], [-87.57558129783568, 38.5081643581761], [-87.57580219266573, 38.50846375204329], [-87.5759682812803, 38.50874189820041], [-87.57599763642716, 38.50899927067588], [-87.57580782600088, 38.50917188537031], [-87.57561053440492, 38.50925062296872], [-87.57553558077423, 38.50928054494867], [-87.57537256170299, 38.509388637795716], [-87.57527826734426, 38.50947867064214], [-87.57523702119799, 38.5095180688077], [-87.57521091435919, 38.50966839150613], [-87.57510353693665, 38.509904993244646], [-87.57494174047252, 38.51016329013294], [-87.57467015191435, 38.510357779261085], [-87.57452462663495, 38.510420275135594], [-87.57446189188877, 38.51050136687516], [-87.57428915753773, 38.51053131926417], [-87.57401655657826, 38.51059703298074], [-87.57379351567297, 38.510566306697896], [-87.57371579073966, 38.51055560746458], [-87.57365937474319, 38.51049308288752], [-87.57352291077005, 38.51034195424659], [-87.57316549088145, 38.51004324581389], [-87.57294531111037, 38.50982974220618], [-87.57245318525163, 38.50976775333713], [-87.57215310572592, 38.509812129516824], [-87.57197810672206, 38.5098918505204], [-87.57177211314594, 38.509985637797236], [-87.57150037546744, 38.510158700705055], [-87.57122842848148, 38.51031027538711], [-87.57095549963691, 38.51033301370586], [-87.57082100117762, 38.51029856319606], [-87.57079426821308, 38.510291678715525], [-87.57079128760297, 38.51029090338545], [-87.57062555741621, 38.510055644106906], [-87.57062385870199, 38.50984106715756], [-87.57067377718403, 38.50951064931823], [-87.57067577413889, 38.509497446069524], [-87.57054309386974, 38.50917096170798], [-87.5705365083204, 38.50915477933941], [-87.57037062811499, 38.50889806185877], [-87.5701774202603, 38.508641493893045], [-87.56995706172447, 38.5084065019688], [-87.56984613775319, 38.508192432554836], [-87.56981678350465, 38.5079350593044], [-87.56982810587049, 38.507874858520104], [-87.56986920379475, 38.50765584154048], [-87.56975863735295, 38.5074846867659], [-87.5695389642317, 38.50733552571488], [-87.56931947077348, 38.50720785309688], [-87.56912661954996, 38.50699416955977], [-87.56882469218971, 38.506802511315044], [-87.56849591328731, 38.50667534458887], [-87.56822185076885, 38.506547910511486], [-87.56802932743041, 38.50637717277473], [-87.5678089688946, 38.50614221142163], [-87.5676174885002, 38.50610018933354], [-87.56731687268025, 38.506080192665266], [-87.56696189710753, 38.50608189174259], [-87.56695221147214, 38.50608430503685], [-87.56684510174756, 38.50607265191086], [-87.56642280283417, 38.50613788956862], [-87.56613908432472, 38.50627134458681], [-87.56578860931158, 38.506266039289734], [-87.5653688732917, 38.50622664145378], [-87.56512756424682, 38.506057721538056], [-87.56484867328372, 38.505992930896795], [-87.56354696682632, 38.505890590991264], [-87.56199051073075, 38.50588358658418], [-87.5616295442934, 38.5060213337062], [-87.5615109316416, 38.50714339106939], [-87.5611134576711, 38.50906006731664], [-87.56067306938283, 38.510436160584575], [-87.56004799555701, 38.511335684319796], [-87.55873269938598, 38.512929900651066], [-87.55695561615833, 38.51447851841863], [-87.55431214916165, 38.51589275852812], [-87.55051873080343, 38.51758141815298], [-87.54937393307674, 38.51821954573728], [-87.54673088379664, 38.519319609506724], [-87.54643846330704, 38.519518986740444], [-87.5461564138674, 38.51958079712712], [-87.54575202646247, 38.51919998247966], [-87.54536215223926, 38.51908384275878], [-87.54421407656008, 38.519567654763485], [-87.54364291512601, 38.51969112569596], [-87.53888506278385, 38.520092055631736], [-87.53817752541157, 38.52005915461869], [-87.53755137809897, 38.52013771303667], [-87.53807381401369, 38.520564423738826], [-87.5382144210169, 38.52111746581023], [-87.53820726863063, 38.5287639969996], [-87.53832111302489, 38.529548036769356], [-87.53830603480284, 38.532137083930195], [-87.53847307652994, 38.53360505765474], [-87.539079374668, 38.53631382110825], [-87.53926298761714, 38.53937967622443], [-87.53943554230513, 38.540059943758], [-87.53943566267937, 38.540621866934586], [-87.53983614600607, 38.542297264106544], [-87.5401476997129, 38.54274826337543], [-87.54042423619165, 38.54291226534655], [-87.54088319175852, 38.54336001542435], [-87.54109672489483, 38.543804010122], [-87.54112488797729, 38.54436635019538], [-87.54079810602975, 38.54538052438856], [-87.53979758222923, 38.54668738590379], [-87.539489366662, 38.547801008818396], [-87.5386045647347, 38.54981481229294], [-87.5358985435532, 38.553117297659846], [-87.53505159124208, 38.55360012493161], [-87.53462953128056, 38.55364321941101], [-87.53435213062252, 38.55351220843247], [-87.53322151909076, 38.552420609363416], [-87.53273857311592, 38.551526211215275], [-87.53232497618271, 38.549536578265986], [-87.53209764312699, 38.5493678077608], [-87.53139216289674, 38.549241267032635], [-87.53025392197327, 38.54930638477289], [-87.52992636477964, 38.54949968269434], [-87.52987611751422, 38.5503913682661], [-87.52998677468587, 38.55186399038987], [-87.530010110222, 38.554872327099815], [-87.53019431875416, 38.557618641461204], [-87.53008843163667, 38.55989780451142], [-87.53030768704133, 38.563774073983865], [-87.53025538353222, 38.56502934821846], [-87.53038585843736, 38.56627088371816], [-87.5303046767868, 38.56727778491729], [-87.53039038953965, 38.56749948400211], [-87.5291256676208, 38.571220662470814], [-87.52888289701697, 38.57166868082864], [-87.52886895067219, 38.57279231809342], [-87.52905965582048, 38.57358854686606], [-87.52915725777609, 38.57474144980154], [-87.52913401207148, 38.57680147609724], [-87.52899757684445, 38.57748800216045], [-87.52893925462293, 38.57982849873538], [-87.52877939492657, 38.58004635431876], [-87.52824271442637, 38.58045679189205], [-87.52724794253861, 38.581785677390044], [-87.52657876143233, 38.58244195459309], [-87.52600092371908, 38.5828131419521], [-87.52356023253317, 38.58396205154039], [-87.52319917716258, 38.5840992917668], [-87.5218806326835, 38.58509468968558], [-87.51806712709724, 38.587658822916985], [-87.5165576681624, 38.588398397023234], [-87.5164694823476, 38.588584394038186], [-87.51585701547846, 38.58902213051636], [-87.50988394467781, 38.59220677715352], [-87.50676402652577, 38.59411925218321], [-87.50563645489295, 38.59469866905878], [-87.50511315569723, 38.595141352462456], [-87.5045455111675, 38.59648964077934], [-87.50418359251596, 38.597007723703996], [-87.50303208976395, 38.5980381992836], [-87.50286495730701, 38.59862497727438], [-87.50298541958999, 38.599210116073685], [-87.50283563270288, 38.600287052541496], [-87.50118556676483, 38.60134381381352], [-87.50072261818653, 38.60134861224752], [-87.49913281213604, 38.60111904455821], [-87.49863639502522, 38.6011897660114], [-87.49841454618434, 38.60308471724572], [-87.49825814410346, 38.60381803263749], [-87.49788147241999, 38.604801032853146], [-87.49762842149605, 38.60649815647417], [-87.49648639597028, 38.60739484956244], [-87.49638450096593, 38.60759389906826], [-87.49724748820486, 38.608526652627255], [-87.49755337893214, 38.609244589997466], [-87.49729612568929, 38.609373574577596], [-87.49610224401545, 38.60965997442385], [-87.49575519607508, 38.609872316188614], [-87.49557840852549, 38.61020967928034], [-87.49553552295384, 38.61059523234924], [-87.49573800052393, 38.61098400316498], [-87.49608790870015, 38.61138788465202], [-87.49607110032285, 38.61165217103591], [-87.49580559246085, 38.61213887269565], [-87.49562603271028, 38.61230564687679], [-87.49540221745724, 38.61233526977967], [-87.49445459274888, 38.61224517826887], [-87.49226072356873, 38.61223829442149], [-87.4918560073804, 38.612352168067225], [-87.49192941141722, 38.61343545342667], [-87.4917955696264, 38.61514795508443], [-87.49188575059945, 38.61596698205512], [-87.49183893220348, 38.619615531978425], [-87.49041479794927, 38.619540877912236], [-87.48984360687082, 38.61976633202876], [-87.48886495794578, 38.62037528354767], [-87.48760324538314, 38.620376117348364], [-87.48690125151447, 38.62075132948399], [-87.48681494497524, 38.62149498702766], [-87.4873215840157, 38.62205696895193], [-87.48776769457231, 38.62277913910115], [-87.48792102800816, 38.62360305273928], [-87.48780056662352, 38.62396184441749], [-87.48638704237112, 38.624976584402965], [-87.48605883030565, 38.62497154753103], [-87.48520141711305, 38.625887462875816], [-87.4849839197114, 38.626540818858075], [-87.48540562304176, 38.627223798975315], [-87.48530277492486, 38.62766061204635], [-87.48483309077857, 38.6280089107945], [-87.48324405997418, 38.628516236051865], [-87.48145901946972, 38.629373440746875], [-87.47999512847598, 38.62982938613843], [-87.47965576921615, 38.63003806256602], [-87.4799567434639, 38.63065660963576], [-87.48097982845277, 38.63156814436252], [-87.4802322953891, 38.632377753900776], [-87.47937631321274, 38.633695880748526], [-87.47936036901477, 38.63393307785249], [-87.47973143880412, 38.63454512783183], [-87.48113593229296, 38.635767589778844], [-87.48162388547719, 38.636067222832466], [-87.48239734661493, 38.63678936274609], [-87.48293420498153, 38.637602966243776], [-87.4831436867159, 38.63820625461237], [-87.48334610320055, 38.63847897524818], [-87.48377311198098, 38.63875405176438], [-87.48496130103086, 38.63917822770449], [-87.48518052679111, 38.64055846351325], [-87.48528599709032, 38.64089314369227], [-87.48605397311492, 38.641031157729174], [-87.4863505653807, 38.6414403133842], [-87.48672085992396, 38.64168859679514], [-87.4874131367162, 38.64189378592204], [-87.48821455252725, 38.64195416568278], [-87.48892942194888, 38.64223067142994], [-87.48952904470609, 38.642696153747615], [-87.49118131510986, 38.64445297101747], [-87.4917730407774, 38.64519963890473], [-87.49364584938004, 38.64579044003296], [-87.49427229493331, 38.64619491690958], [-87.4945452543206, 38.64648313559149], [-87.49466613252355, 38.64687822545366], [-87.49464640282496, 38.647264285789326], [-87.4938739271391, 38.64854277482269], [-87.49367606960453, 38.64912976130622], [-87.49655771681395, 38.65091867617352], [-87.49674052397425, 38.65190259882556], [-87.49648079677112, 38.65319587123993], [-87.49694440201789, 38.65515129106312], [-87.4970596181396, 38.655418113459824], [-87.49737757863105, 38.65563730814924], [-87.4975985031055, 38.655922486407704], [-87.49752730533103, 38.6561803063642], [-87.49712750741888, 38.65641094649507], [-87.4966178572256, 38.65658475404886], [-87.49603599685649, 38.65687335954799], [-87.49560007768677, 38.65716130939198], [-87.49483716816039, 38.65765096197799], [-87.4942207675686, 38.65822581886893], [-87.49417758375627, 38.65827809187699], [-87.4936350624101, 38.659226759883886], [-87.49358025619462, 38.659938499383344], [-87.4936987799132, 38.66022337993194], [-87.49407312675672, 38.66032831300648], [-87.49532974138013, 38.66032706230098], [-87.49561396653938, 38.66048286861219], [-87.49576935621891, 38.66084991421707], [-87.4955287613347, 38.66140992939231], [-87.49485338095464, 38.66199265438378], [-87.4947168576927, 38.662496105637764], [-87.49487328941795, 38.66388268770133], [-87.49500489709867, 38.66412331165045], [-87.49562248975481, 38.664759384067104], [-87.49578848943617, 38.665291623596], [-87.49567366138666, 38.66582231326674], [-87.4952839362838, 38.66663245887103], [-87.49523017211403, 38.66738824655693], [-87.49530765899381, 38.66804848778097], [-87.49554950523124, 38.6681938925983], [-87.49705598265764, 38.668696091777505], [-87.49814791093664, 38.66918765109046], [-87.49998659523658, 38.67022194097422], [-87.50212032310678, 38.6711124346441], [-87.50356797166185, 38.67370443200285], [-87.5036735910814, 38.674132364215126], [-87.50346777627001, 38.67439858849877], [-87.50287587183774, 38.67465241454243], [-87.50212711796357, 38.6751664445024], [-87.50120065307172, 38.67513777540238], [-87.50022975301432, 38.67497204507088], [-87.49998826430638, 38.67503090454924], [-87.49896026283795, 38.67490218887039], [-87.49840653590692, 38.67494861964846], [-87.49786738144645, 38.67534204117425], [-87.4975772848985, 38.67588623158737], [-87.49756515584554, 38.67597459504983], [-87.49894583858944, 38.67779024235559], [-87.49867839306135, 38.67808614975413], [-87.49827576276112, 38.67894603646525], [-87.49794954765053, 38.680091459797495], [-87.49800554413378, 38.68072997449791], [-87.49818146930072, 38.68106915421044], [-87.49891028506713, 38.681968171268025], [-87.499074764799, 38.68307356933936], [-87.49963325908925, 38.6842119592163], [-87.49968958705082, 38.685186643806404], [-87.49996904305425, 38.68544169167566], [-87.49988076830621, 38.68566371992199], [-87.50165215890992, 38.68751116604115], [-87.50306487917014, 38.68722515224707], [-87.50439027869315, 38.68678202192814], [-87.50731060825704, 38.68566178176902], [-87.51642407161165, 38.68242885480676], [-87.51794995085159, 38.68222542340741], [-87.51938389021711, 38.682367312837336], [-87.51945002149338, 38.682409780946244], [-87.51958937804173, 38.68249933688472], [-87.52083180736848, 38.68293701423864], [-87.52288629035587, 38.68327240873482], [-87.52481759994477, 38.68378515804787], [-87.52563269440265, 38.68345727337403], [-87.53032656064545, 38.68109058114854], [-87.53276454071583, 38.679705398274315], [-87.53344859343164, 38.67951090738187], [-87.53437136265443, 38.680540607715756], [-87.53441770584163, 38.680519656770905], [-87.53447489618588, 38.68060805027754], [-87.53485702243975, 38.68045608931141], [-87.53564788574116, 38.68004475675714], [-87.53616641757766, 38.679728285667416], [-87.53635646695581, 38.679612325464944], [-87.53701059768782, 38.67922307686203], [-87.53725986490781, 38.67910049999035], [-87.5375833994456, 38.67894144449079], [-87.53799127321213, 38.678574727256], [-87.53867294179918, 38.67820681735831], [-87.53902720231295, 38.67799060209662], [-87.53938128406196, 38.6777528979398], [-87.54006453188728, 38.677599535340086], [-87.54080237841724, 38.67742444633271], [-87.54225062255536, 38.67707438765619], [-87.5430697693135, 38.676791624048654], [-87.5439437815759, 38.676530049184564], [-87.54462586877789, 38.67622645255077], [-87.54533501503285, 38.67587979146756], [-87.5456110745062, 38.6757647844219], [-87.54584660109559, 38.67568431746122], [-87.54745443723213, 38.67536957616779], [-87.55483528306735, 38.67425949838815], [-87.55669691483122, 38.67401884398087], [-87.56315394760131, 38.673430039518536], [-87.56411870857204, 38.67324875173461], [-87.56297829192896, 38.6699279978578], [-87.56152048073307, 38.664558929776], [-87.5610923391771, 38.663766069141516], [-87.55943720763912, 38.65833316375546], [-87.55901753180638, 38.656451057532884], [-87.55882810765567, 38.65605710007335], [-87.55905654294422, 38.65511391659875], [-87.55988069601345, 38.653372029703135], [-87.55975504955298, 38.65184969679039], [-87.55951242806945, 38.65084023193206], [-87.5597138923399, 38.64995787474872], [-87.56005614148, 38.649492004630396], [-87.56086557295833, 38.64888341195641], [-87.56493749600406, 38.64643419708771], [-87.56795712713608, 38.64435968609777], [-87.57175442082641, 38.641489752063684], [-87.57314195681764, 38.64029148894531], [-87.57441016599641, 38.63947413048042], [-87.57648732874978, 38.63765201673271], [-87.57816639140688, 38.63630191124343], [-87.58117192707378, 38.63426569715176], [-87.582665291792, 38.633121138599854], [-87.58433487722287, 38.63165003560621], [-87.58455726325627, 38.631542985471846], [-87.58488017166832, 38.631566857366], [-87.58520796691549, 38.6318546878692], [-87.58582642464926, 38.633079862263365], [-87.58663412866728, 38.635062014634386], [-87.58765116260442, 38.63851050150989], [-87.58816233274717, 38.63961586957818], [-87.58862012589407, 38.639726168285286], [-87.59064915781283, 38.63987362963676], [-87.5954432212441, 38.63977501383908], [-87.59590396445837, 38.63966522250996], [-87.5968504869339, 38.639285867765906], [-87.59876919046441, 38.63840029144817], [-87.59915489291143, 38.63878092722132], [-87.60073617484818, 38.64086413951386], [-87.60198357994331, 38.64308867477323], [-87.60316685251364, 38.64487386476184], [-87.60344538504894, 38.645145720900196], [-87.60359281745168, 38.64515501933657], [-87.60378015481598, 38.645048357014886], [-87.60448104555348, 38.64428118486022], [-87.60580945533101, 38.64320970165581], [-87.60832283459646, 38.64274076151577], [-87.61081931655141, 38.642381882088124], [-87.61324835568979, 38.64179275013153], [-87.61387703535317, 38.64203850010134], [-87.61441022859343, 38.642054324897074], [-87.61489237147441, 38.64196622899924], [-87.6156856494473, 38.641643499325994], [-87.61620367373568, 38.64159897437056], [-87.6164932627355, 38.641711150430574], [-87.61682740637679, 38.642308062116186], [-87.61682919492252, 38.642310535389285], [-87.6170679410739, 38.64280745946874], [-87.6171051043772, 38.642818009219766], [-87.6179650804633, 38.643009756777886], [-87.61869261523212, 38.643420314213195], [-87.61917085313658, 38.64390585379569], [-87.61955950565097, 38.64397296883064], [-87.6206194557025, 38.64419624758346], [-87.6212389267359, 38.6441071089047], [-87.6220040416263, 38.64398861428579], [-87.62273443752932, 38.64407054115516], [-87.62350181797089, 38.64420953905766], [-87.62452579588515, 38.644490188268605], [-87.62496704925103, 38.64488840638383], [-87.6251921760444, 38.64560252997983], [-87.62582356861992, 38.64688671262381], [-87.62667242805439, 38.64799804123239], [-87.62870554371445, 38.65102005688864], [-87.62979475908126, 38.65268427782527], [-87.630739612487, 38.654127873156], [-87.63078664019042, 38.655329324063764], [-87.63063503690982, 38.656932212159305], [-87.63058627994947, 38.657447733040215], [-87.63176320322738, 38.658500052866174], [-87.63385848679665, 38.660234072321245], [-87.63434042037018, 38.661089816038896], [-87.63452668514601, 38.661517985686615], [-87.63423930061191, 38.66203457973863], [-87.63398762051708, 38.66246513354522], [-87.63428460085504, 38.663035758618875], [-87.63450734351964, 38.66346374969171], [-87.6345113967182, 38.66392151445207], [-87.63443992944914, 38.66409359230424], [-87.63565050092267, 38.66480232205185], [-87.636787818378, 38.665482827735126], [-87.63722832524388, 38.665766545739224], [-87.63733567392035, 38.66599721532068], [-87.6373743571731, 38.6660803346613], [-87.63741429267736, 38.66616610591443], [-87.6373840724529, 38.66633422106009], [-87.63741172978386, 38.6670592816656], [-87.63776583938065, 38.66764266137427], [-87.638528005102, 38.66836536821652], [-87.6393503714221, 38.668942579895834], [-87.64054860363687, 38.66941807679503], [-87.6413984179805, 38.67030216228567], [-87.64214773779327, 38.67139999058693], [-87.64270891535126, 38.67256368189032], [-87.64320247132794, 38.67321802204563], [-87.64378936944912, 38.673390785201164], [-87.64412506268427, 38.673489579855904], [-87.64489998268603, 38.67402938983695], [-87.6456863777672, 38.67494765954402], [-87.64673735634398, 38.6757207617723], [-87.64788084163207, 38.67661110569061], [-87.64818482613433, 38.676922927628695], [-87.64875542162976, 38.67731980550485], [-87.64967747579358, 38.6783733172234], [-87.65019389119927, 38.67897133088963], [-87.65045352857089, 38.679427664080556], [-87.65075098591429, 38.68002686950845], [-87.65093659312335, 38.68036917879252], [-87.65142043561684, 38.68080208868028], [-87.651635817486, 38.68099476050472], [-87.6526278180711, 38.68170453260458], [-87.65328847506366, 38.68210143936451], [-87.65431468888465, 38.682553481322756], [-87.65567149979822, 38.683232586904666], [-87.65596815225113, 38.683313767652365], [-87.65607803327835, 38.683377693709794], [-87.65774547353232, 38.68374909089846], [-87.65910440087669, 38.68390617928059], [-87.6606716448405, 38.6840770948465], [-87.66078703972694, 38.683132063121654], [-87.66066699605891, 38.68199886143676], [-87.6612155082697, 38.68096325854861], [-87.66130083295033, 38.67980803068215], [-87.66131403459175, 38.678996781690124], [-87.66150485831767, 38.67828459556026], [-87.66270672781103, 38.678094427048], [-87.66401475211983, 38.678043643313785], [-87.66519757643083, 38.67820359284454], [-87.66694065483172, 38.678282925799735], [-87.66707801442517, 38.67843473920152], [-87.66796892489641, 38.67884252481876], [-87.66856062002122, 38.67966891321448], [-87.66904139207308, 38.68012754141318], [-87.66951563606777, 38.680440733028284], [-87.67058220221135, 38.6810267364978], [-87.67241093317796, 38.68192986691764], [-87.67262145695804, 38.68255926167316], [-87.67378035014988, 38.68282959894692], [-87.67493507156554, 38.683260033311804], [-87.67593601218437, 38.68390105258567], [-87.67670017396226, 38.68440077774241], [-87.67734247388199, 38.684967855819416], [-87.67814943140003, 38.68543545436571], [-87.67942193093259, 38.68547139655008], [-87.6804079415514, 38.6848240593154], [-87.68196791455128, 38.68460304593896], [-87.68362167615842, 38.68455232221988], [-87.6850676556437, 38.68421922042466], [-87.68686697037802, 38.68384469538134], [-87.68737519045338, 38.68297744771404], [-87.68716257988687, 38.681634852678], [-87.68720579334361, 38.680486867085314], [-87.68735194385044, 38.67972428561616], [-87.68843174127986, 38.6799347487395], [-87.68920421876234, 38.68017611748328], [-87.6902057855069, 38.68027476322093], [-87.69124385978462, 38.679070659929785], [-87.6923463082339, 38.67810500456281], [-87.69318277001912, 38.67734778786482], [-87.69430151929754, 38.676989771885836], [-87.69567481070332, 38.67659426603022], [-87.69708636854355, 38.6758017322324], [-87.69826800079018, 38.6751520114189], [-87.69844785698479, 38.67511657671392], [-87.69899338948377, 38.674913027046095], [-87.69960353241129, 38.67385072233274], [-87.69981471196154, 38.67304832401585], [-87.69981024104635, 38.67259056079587], [-87.69947565004406, 38.671963073005934], [-87.69950601849057, 38.671333438483735], [-87.69982862956023, 38.67073062682853], [-87.70066243862043, 38.67015341553741], [-87.7010243285259, 38.66983649742668], [-87.7017447100101, 38.66885936919191], [-87.70264980667632, 38.66811001891677], [-87.70391867072692, 38.667244022653016], [-87.70482624225173, 38.66675213506805], [-87.7056987049203, 38.66640353712504], [-87.70606026604236, 38.66605800893823], [-87.70607367788956, 38.66576394982803], [-87.70636571120528, 38.664854262698064], [-87.70675516681355, 38.66407338286121], [-87.70720464605247, 38.663287882591675], [-87.70793015422201, 38.66300914196997], [-87.70862341556781, 38.66317165446305], [-87.70912576335617, 38.66336435550643], [-87.7101018799304, 38.66278297160162], [-87.71173117232753, 38.66297916052599], [-87.71330685237017, 38.66292596365093], [-87.71451167013427, 38.66291401258593], [-87.71565456073765, 38.662843201888656], [-87.71691674940739, 38.66208669915631], [-87.71800027215028, 38.66143235967781], [-87.71908003993525, 38.660786245115304], [-87.72018865711559, 38.66011298019954], [-87.72097785224553, 38.65967777695347], [-87.72173337133208, 38.65946296197968], [-87.72233195114522, 38.65930271524063], [-87.72247890654256, 38.659301791402854], [-87.72318936433783, 38.659190121286215], [-87.72351540158199, 38.658952060785516], [-87.72362230289744, 38.658693883231734], [-87.72364727696066, 38.6584576694804], [-87.72347981751697, 38.65813681829947], [-87.72333932998968, 38.65777287198656], [-87.72331390766715, 38.657611343355164], [-87.72333989503, 38.65718210021806], [-87.7239157070423, 38.65640676275098], [-87.72470165386414, 38.65567609868288], [-87.72565607253102, 38.65496731018627], [-87.7268893534149, 38.654654892439744], [-87.7280024109677, 38.65464434232696], [-87.72923244264521, 38.65502771961845], [-87.73046646733415, 38.65553263126749], [-87.73147813743071, 38.65591818337934], [-87.73256833645279, 38.656260790335566], [-87.7333367005496, 38.656659218719795], [-87.73456297637088, 38.65719449768701], [-87.73599745203065, 38.657288464581335], [-87.73721237404509, 38.65743151530247], [-87.73812784265957, 38.65829062664653], [-87.73913325419352, 38.65963995731435], [-87.73992638394441, 38.660604926017065], [-87.74057428575824, 38.66188797626834], [-87.74142973253869, 38.66304171379985], [-87.74237184428617, 38.66425204670943], [-87.74334286292117, 38.66528886844693], [-87.74424852642431, 38.66597950832996], [-87.74543319946818, 38.666925791975906], [-87.74626507176065, 38.667753372137554], [-87.74722777648769, 38.66870448378069], [-87.74797122491177, 38.669406387724045], [-87.7488271181549, 38.670405510942096], [-87.74928926363935, 38.67108920714375], [-87.74991591670346, 38.67167330095434], [-87.74989469759814, 38.67210650890993], [-87.7500676107139, 38.67223620939423], [-87.75041605912779, 38.67253154992511], [-87.751059163938, 38.6731627925922], [-87.75165974160434, 38.67394802392704], [-87.75224577374962, 38.67489585736649], [-87.7529435365533, 38.675884072958574], [-87.75357862479791, 38.676843678724595], [-87.7540574879298, 38.67770970333506], [-87.7545323266092, 38.678454166165906], [-87.75526388672881, 38.679072772879444], [-87.75596892049639, 38.679478322707276], [-87.75673498939764, 38.679981385932344], [-87.75776081514645, 38.68066499137716], [-87.75867628376092, 38.68110946321604], [-87.75997235688318, 38.681545889619315], [-87.76119073561482, 38.681845850145606], [-87.76206036769192, 38.68200523228357], [-87.76209759118234, 38.68201411360068], [-87.7630160978991, 38.6820664758326], [-87.76400312271583, 38.682203089395486], [-87.76491808288385, 38.682425981105595], [-87.76565327758713, 38.682907587405715], [-87.76595016809358, 38.68336344390218], [-87.76635685069405, 38.6838471644153], [-87.76705985786238, 38.684729552151374], [-87.76746442493035, 38.68501303259831], [-87.76792105655558, 38.685200070722715], [-87.76824527471129, 38.68519566076496], [-87.76879241699127, 38.68500236284229], [-87.76953598489129, 38.68484232402449], [-87.77013185269061, 38.68467456649009], [-87.77094000227304, 38.68475568880291], [-87.77176695718761, 38.6849337281401], [-87.77265542424126, 38.68518993882858], [-87.77358773087742, 38.68552688296738], [-87.77475955801273, 38.68586463331477], [-87.77567961612, 38.6859805343015], [-87.77673363459567, 38.685946589419856], [-87.77766015967467, 38.68594107580299], [-87.77853685520485, 38.68595693086869], [-87.77924597181539, 38.68605584421305], [-87.78011110333291, 38.68625921563861], [-87.78145971891614, 38.68642560210692], [-87.78268301502565, 38.686529433052556], [-87.78409612245974, 38.68664977438507], [-87.78649628255836, 38.6867378700219], [-87.78765958737657, 38.68669996230067], [-87.78893351792539, 38.68674919514339], [-87.78898060491763, 38.68675855339056], [-87.78898465811619, 38.68675819507616], [-87.78986102486297, 38.68678090491316], [-87.79070341822404, 38.687032734904136], [-87.79125288354734, 38.68720066992249], [-87.79228249479677, 38.687880402440996], [-87.79280159167358, 38.68825027852216], [-87.79305216953557, 38.688428764934926], [-87.79375431252457, 38.68892905657813], [-87.79475477703626, 38.690267032189496], [-87.7951658407204, 38.69112259713185], [-87.79587400421843, 38.69243392951693], [-87.79629859742904, 38.69369677337116], [-87.79632524146038, 38.693754559438595], [-87.79685342749124, 38.69524205398011], [-87.79738802210333, 38.697052634245054], [-87.79795837954522, 38.698841638393894], [-87.79847646312238, 38.700756855530955], [-87.79876104581113, 38.70212207082106], [-87.79958546747662, 38.702418543593794], [-87.80043885711507, 38.70268232395527], [-87.80196604879362, 38.70305813073742], [-87.80417159966571, 38.70365095933247], [-87.80590323442819, 38.70402420295423], [-87.80818680757598, 38.7045987624777], [-87.81026221232634, 38.70503772070313], [-87.81209195659258, 38.70543716119114], [-87.81436253650809, 38.70611906811546], [-87.81565682288122, 38.70651609459786], [-87.81652886783318, 38.70703957231681], [-87.81706879753976, 38.70775414232229], [-87.8176182925075, 38.70896027311042], [-87.81805310944435, 38.71025029626567], [-87.8184192600592, 38.71116385681169], [-87.81890962791493, 38.71218968302963], [-87.81949011835323, 38.71283031409895], [-87.82003964296533, 38.71358919990572], [-87.82051835787519, 38.71451268501199], [-87.82073469285686, 38.715205975989534], [-87.82077036675342, 38.71609265550878], [-87.820772810171, 38.71689052337779], [-87.82077284071372, 38.71764142208296], [-87.82089187108211, 38.71842993257868], [-87.8211884633479, 38.719005684185994], [-87.82144896579715, 38.719318667042906], [-87.82159219588101, 38.719779232694094], [-87.82148320867746, 38.720235864174214], [-87.82184635083443, 38.7201084591578], [-87.82266576529052, 38.71972833066479], [-87.82333971555265, 38.71923844040875], [-87.82426054800769, 38.7184374131971], [-87.8248214866138, 38.71795690961043], [-87.82528515114939, 38.71741704064142], [-87.82557632028579, 38.71672005279003], [-87.82564358343933, 38.71625168027913], [-87.82591117988436, 38.7156565281797], [-87.82657392366332, 38.71519131336984], [-87.82715596279716, 38.714862951628525], [-87.82777164832994, 38.71430040235583], [-87.82795961181999, 38.71379516362167], [-87.82790313743305, 38.713043459778184], [-87.82788418298054, 38.712496586253664], [-87.82808049002296, 38.711784430079135], [-87.82829485859247, 38.711053200586385], [-87.82851545608014, 38.71035794236235], [-87.82876212896558, 38.709751435134606], [-87.82914011218939, 38.70910537960366], [-87.82943163795694, 38.708540923194775], [-87.82949738205934, 38.708138830665554], [-87.8292284165818, 38.7072846658708], [-87.8289401984111, 38.70619556957681], [-87.82864160829214, 38.705252624643016], [-87.82833345201371, 38.704417235387595], [-87.82815901894847, 38.70358929611142], [-87.82832898109854, 38.70294851703711], [-87.8287351875919, 38.70230013774644], [-87.82920990859202, 38.701735561713825], [-87.82943670445516, 38.70122811767951], [-87.82972131678831, 38.70065525709818], [-87.83017919886841, 38.70035821756216], [-87.831191316326, 38.70031488517203], [-87.83200646917437, 38.70055854846415], [-87.8325786753491, 38.70109961036576], [-87.83306761129025, 38.701586996671764], [-87.83363856521349, 38.70187956679134], [-87.83452351536279, 38.70185092732195], [-87.8358707592186, 38.70163846545438], [-87.83675180528968, 38.70132262057565], [-87.83779494696391, 38.70100635787074], [-87.83841426887697, 38.700733696541235], [-87.83878343064468, 38.7003111295428], [-87.83885129027955, 38.700203513188306], [-87.83904321713662, 38.700114881689], [-87.83950074258557, 38.69865239175712], [-87.84019445129235, 38.69552872001392], [-87.8401301669523, 38.69315439832246], [-87.84014825722551, 38.691580596608595], [-87.84006120418627, 38.69037953379976], [-87.84048687088365, 38.68931782537023], [-87.8412051970225, 38.688311222227746], [-87.84167672990165, 38.68805033245809], [-87.84272490663305, 38.68715581567375], [-87.84344654036876, 38.68643531450519], [-87.84387021011128, 38.68584531704969], [-87.843882102009, 38.68583598953638], [-87.84458540651967, 38.68512553195188], [-87.84511562004813, 38.68443748548307], [-87.8458033675347, 38.683790298074506], [-87.84638290486046, 38.68325200835931], [-87.84695785089683, 38.682608725268864], [-87.84731229017531, 38.682056160468925], [-87.84748418999146, 38.681478918482846], [-87.8478244134306, 38.681235314319814], [-87.84835677123765, 38.6809089495139], [-87.84882091367695, 38.680333049612585], [-87.8486421893596, 38.67953544914056], [-87.84806989425165, 38.67885091984018], [-87.84726436774986, 38.67850536196341], [-87.84639342413246, 38.67839905646441], [-87.84564994516565, 38.67826417202304], [-87.84527831033598, 38.67788893065398], [-87.84502862629769, 38.67711514283263], [-87.84460236401729, 38.67636367687671], [-87.84432931479847, 38.67553707989904], [-87.84428446191633, 38.67489048807114], [-87.84435708980872, 38.67419308359785], [-87.8445029124305, 38.67352434910093], [-87.84456123555032, 38.67268320860649], [-87.84471906864742, 38.6722576025068], [-87.84547154783506, 38.67185151591257], [-87.84624694484222, 38.6713684794983], [-87.84697638673438, 38.67119672772536], [-87.8479899046655, 38.67122504071289], [-87.84905125519053, 38.67131751775776], [-87.84956981577312, 38.67127799857291], [-87.85003878486046, 38.67125156453447], [-87.8503655380619, 38.67128384015038], [-87.85171060619805, 38.67144110668397], [-87.85292910440563, 38.671742825762095], [-87.85385163557488, 38.67189952670225], [-87.85474546736742, 38.67207789328945], [-87.8555749555311, 38.67245134654132], [-87.85634990517725, 38.67274671774488], [-87.85707186679805, 38.67289778544367], [-87.85768701693495, 38.67309704375513], [-87.85818799479247, 38.67336362465996], [-87.85878714054427, 38.67364820843764], [-87.85944630813007, 38.67392533947332], [-87.86078505931316, 38.674054770859385], [-87.8616341568012, 38.673884658925395], [-87.86215462450713, 38.67361044737406], [-87.86276295014281, 38.67319115880501], [-87.8634740035211, 38.6728976059011], [-87.86445464940103, 38.67282590175236], [-87.86549653972206, 38.672846166936125], [-87.8669411771243, 38.67281141770056], [-87.86836283831654, 38.67285635949029], [-87.86957677577742, 38.67289835142359], [-87.87056022350271, 38.672857014540526], [-87.87185811481508, 38.67292499385263], [-87.87265431410928, 38.67321780182642], [-87.87330922008738, 38.673530696155495], [-87.87378304726379, 38.67390727816852], [-87.87437274633204, 38.67429929785954], [-87.87488084603315, 38.67440858376004], [-87.8749594647902, 38.67430606353604], [-87.87507992527652, 38.67414882644007], [-87.87556406421407, 38.67389610180023], [-87.87628352223018, 38.673032341252245], [-87.87700363601643, 38.672225830895385], [-87.87743177577579, 38.67142149616577], [-87.87767886727616, 38.6707329434186], [-87.87775569748747, 38.67055907621872], [-87.87793191909843, 38.67033546933362], [-87.8784709837274, 38.669705358294266], [-87.8786579932066, 38.669536737660245], [-87.87937444096819, 38.66911792531214], [-87.88039099879823, 38.668681112417616], [-87.88089558159498, 38.66816228330749], [-87.88088997880257, 38.667704549865846], [-87.88080456518871, 38.66744726657698], [-87.88073840516635, 38.66724788803278], [-87.8807706798379, 38.66690429767171], [-87.88124015557504, 38.666500207760905], [-87.88189491333114, 38.66632359902034], [-87.882805434025, 38.666173663543326], [-87.88342472629368, 38.66608312414871], [-87.88347089071614, 38.66609513500566], [-87.88365962855396, 38.66607066719617], [-87.88455047973638, 38.66606932540833], [-87.8853578244283, 38.666025456716866], [-87.8862084131197, 38.66609251175159], [-87.88688278020011, 38.666322793810195], [-87.88731077173745, 38.66654684809586], [-87.88780668309678, 38.666727688525064], [-87.88864532060163, 38.666700747097984], [-87.88945594324603, 38.66666787533081], [-87.89026793761788, 38.66657429599174], [-87.89103847743431, 38.66644423875769], [-87.89192312934294, 38.66625228107309], [-87.89279398312881, 38.66604631721449], [-87.89356690707402, 38.66581138603881], [-87.89444252911741, 38.665704872307806], [-87.89546176931688, 38.665788079663734], [-87.8963661203814, 38.66628095092588], [-87.89713892485065, 38.66667538521165], [-87.89802065633631, 38.667236979960045], [-87.89848327882618, 38.667643662257305], [-87.8992083099903, 38.66828313106325], [-87.89983469445812, 38.66892674140065], [-87.90025359684142, 38.66940182108844], [-87.90067062084745, 38.66995972209468], [-87.9009151189116, 38.670517977149125], [-87.90113744385958, 38.67112284626804], [-87.9011569058602, 38.671666947422935], [-87.90122154683141, 38.67239385606764], [-87.90110645018564, 38.673129346592454], [-87.90119120802932, 38.67374333408057], [-87.90128028676953, 38.674324300772575], [-87.90123293118101, 38.67486470759323], [-87.901178334273, 38.67557066503624], [-87.90204617600773, 38.67597189290996], [-87.90276226803645, 38.67623302097827], [-87.90326735748306, 38.67632281607669], [-87.90390029965246, 38.676364687456086], [-87.90448970048004, 38.676463928944365], [-87.90502238707047, 38.67673906439838], [-87.9055835951712, 38.6769952448158], [-87.9061472475878, 38.677301165786886], [-87.9068519831147, 38.677597997406544], [-87.90725684752505, 38.67776092631409], [-87.9079423600032, 38.67812925366565], [-87.90861377701623, 38.67850011355955], [-87.909368074394, 38.678786573178456], [-87.90994725239365, 38.67902919406955], [-87.91049928061047, 38.67938461705292], [-87.91108144011855, 38.67962860900767], [-87.91144908103847, 38.67990562151662], [-87.91186217222018, 38.68017631594182], [-87.91222871090726, 38.680479493997225], [-87.91277778905668, 38.6806526463587], [-87.913288482194, 38.68080875065683], [-87.9137189162506, 38.68093335474884], [-87.91421578072246, 38.681078193426785], [-87.91457638963033, 38.68117424607496], [-87.91499809296069, 38.68137326606165], [-87.91503749037409, 38.681660918230875], [-87.91507274655406, 38.68197610800709], [-87.9149703457982, 38.68246334622412], [-87.91486532286, 38.682751713485615], [-87.91464413068759, 38.683195886960746], [-87.91438401541224, 38.6834904536887], [-87.91389683657577, 38.6838592269879], [-87.91361705268729, 38.68408724513014], [-87.91308669003848, 38.68449681891868], [-87.91297239828319, 38.68488448773722], [-87.9130475297803, 38.685465216041145], [-87.91324637097013, 38.68586823263126], [-87.91348774020211, 38.68641814548606], [-87.91368726680652, 38.6871082477571], [-87.9139188911143, 38.687779484806526], [-87.91410673512844, 38.68836176307718], [-87.91431070210527, 38.689010530267], [-87.91455895602562, 38.68988627172959], [-87.91461829244507, 38.690386771944866], [-87.91483373270472, 38.69115441995341], [-87.91526732703448, 38.691615819827014], [-87.91570947512237, 38.69200834621098], [-87.91599843889477, 38.69212934442018], [-87.91628880224238, 38.69225093699875], [-87.91695756742868, 38.69227391503434], [-87.9175366259524, 38.69221007825818], [-87.91808802894177, 38.69212374083148], [-87.91870142107567, 38.692101775909386], [-87.91933603141656, 38.692074567077974], [-87.92004794897416, 38.692056714388116], [-87.92078177194996, 38.69200325024607], [-87.92131642585088, 38.691878049818705], [-87.92190588596729, 38.691662489372746], [-87.92244208946205, 38.691465555896976], [-87.92301182077817, 38.691255181377265], [-87.9231633063795, 38.69122415722015], [-87.92375687898326, 38.69110253414884], [-87.9243625222495, 38.69111078960357], [-87.92440442416591, 38.69111073000497], [-87.92571492153668, 38.69104897884398], [-87.92586387388889, 38.691276698519275], [-87.92594243335712, 38.691705256265735], [-87.92591033745032, 38.69204884677882], [-87.92525659209558, 38.692311524618994], [-87.92467887385827, 38.6926039153273], [-87.92466778685103, 38.692615777298485], [-87.9246157222938, 38.69357550086459], [-87.92477644706779, 38.694718717762775], [-87.92522929409073, 38.69585961112999], [-87.92567877243134, 38.696743012449254], [-87.92674194024819, 38.69991049313341], [-87.92696623340497, 38.70053020221296], [-87.92709900260733, 38.700743676206095], [-87.92726219954498, 38.70108580645792], [-87.92742906340565, 38.701435536650564], [-87.92757053548648, 38.70200216913694], [-87.92760081499976, 38.70212343506778], [-87.92762066237763, 38.70265829629145], [-87.92766983705462, 38.70330771968865], [-87.92771084514733, 38.70384657356153], [-87.92783702700372, 38.70435899665714], [-87.92806582072005, 38.70501083365519], [-87.92860586810595, 38.70592913271219], [-87.92910258435577, 38.70641347947136], [-87.92963956219833, 38.7069894386284], [-87.93014015198366, 38.707297148597114], [-87.93093089760578, 38.70754805464943], [-87.93168766804553, 38.707740517051164], [-87.93248473151901, 38.70786449521603], [-87.9333631248651, 38.707973034466924], [-87.93394969510119, 38.7080554979983], [-87.93459938635908, 38.70798981346686], [-87.93533300002744, 38.70795277011801], [-87.93607305102311, 38.707943470723094], [-87.93667872393375, 38.70795718007485], [-87.93705420355285, 38.7080257555351], [-87.93764023659644, 38.708133043970015], [-87.93832801552404, 38.708258272724215], [-87.93885429443156, 38.70835924278208], [-87.93951423726347, 38.708470286618486], [-87.94019423678071, 38.70863130863732], [-87.94110738055524, 38.708762319658916], [-87.94173126231668, 38.708911510493884], [-87.94237684018887, 38.7090361728914], [-87.94300024584322, 38.70920741746322], [-87.94357081169424, 38.709540845923954], [-87.94398759674841, 38.71014273342265], [-87.94429181930423, 38.710737587956295], [-87.94443651004872, 38.71121433595142], [-87.94456528534133, 38.711613597535155], [-87.94473834757744, 38.71208244764643], [-87.94495709633227, 38.71255743710293], [-87.94521131057452, 38.71318474625414], [-87.94547270684747, 38.71380663235699], [-87.94564636466663, 38.714410754957925], [-87.94582416551587, 38.71515021049605], [-87.94594772608826, 38.71562943134475], [-87.94603090469367, 38.71634552198419], [-87.94608431043562, 38.716810021364886], [-87.9463217163006, 38.71740123880879], [-87.94634138581205, 38.71755928150978], [-87.94654997282441, 38.71794888714867], [-87.94670208275484, 38.718405428694155], [-87.94689108918892, 38.71889028317772], [-87.94751264700874, 38.71894246702508], [-87.94835140398952, 38.71884984126558], [-87.95003234412559, 38.718922022153244], [-87.95084329555337, 38.719487670094736], [-87.95121832781145, 38.720228526722344], [-87.9512725096978, 38.720373574597865], [-87.95155914773193, 38.721141312144496], [-87.95152073217712, 38.72197470407387], [-87.9515024047487, 38.72237205950634], [-87.9509336570878, 38.72354978804574], [-87.95069494058083, 38.724478845026795], [-87.95069052895447, 38.724495951646134], [-87.9506239512155, 38.72498289182008], [-87.95063170008315, 38.7250452682518], [-87.95070569880467, 38.725640271384364], [-87.95103856144837, 38.72595230150585], [-87.95139213564926, 38.72609970372043], [-87.9517572747611, 38.72599310172138], [-87.95247545088128, 38.72586194146914], [-87.95332666569844, 38.72577116292868], [-87.9541725148784, 38.72576591799269], [-87.9548021485526, 38.72598416068879], [-87.9553324519126, 38.726234172085384], [-87.9558899930903, 38.72652870873875], [-87.95661845222556, 38.72690555911675], [-87.95714362800192, 38.72723004613874], [-87.95774337113338, 38.727693532898236], [-87.95826693802705, 38.728095267346], [-87.95876737869204, 38.72842491101227], [-87.9593267093138, 38.728802268571805], [-87.95991083433573, 38.72900882756518], [-87.96054970718264, 38.729124997815276], [-87.96117585449524, 38.72918028077504], [-87.96177893396964, 38.729323540297024], [-87.96244865226848, 38.72931588211797], [-87.96318056812095, 38.72936976406169], [-87.9638842301611, 38.72942328926571], [-87.96454554382213, 38.72948176126027], [-87.96521246117389, 38.72941890796376], [-87.96539297313865, 38.7294016224216], [-87.96579560254058, 38.72936308768688], [-87.9664399596023, 38.72938818207919], [-87.96694159143337, 38.72949695985039], [-87.96750086276631, 38.72971418903273], [-87.96771943275641, 38.730042819612834], [-87.96759351769967, 38.73049664968669], [-87.9675838922514, 38.73078361656263], [-87.96767076562759, 38.73117399662909], [-87.96786775988119, 38.731524412137496], [-87.9682037504587, 38.73196781111097], [-87.96843102332726, 38.73238489468818], [-87.96882140420028, 38.73292285735927], [-87.96900012941596, 38.733303403379686], [-87.96921363290784, 38.73370650916714], [-87.9693919700513, 38.73410636686099], [-87.96970137858125, 38.734640484960345], [-87.96987378504721, 38.73515347212501], [-87.96994802182229, 38.73564306407334], [-87.97017258267701, 38.73635826115284], [-87.97029062939018, 38.73694229644621], [-87.97042897263889, 38.73756799644962], [-87.97051539865406, 38.738148843482676], [-87.97055902982738, 38.73858559659286], [-87.97071486686795, 38.7390514375675], [-87.97086968971053, 38.739564186349725], [-87.97100472356573, 38.74001315837472], [-87.97112831378251, 38.740503406475185], [-87.97126239452517, 38.741164958642464], [-87.9716751272791, 38.741650737007234], [-87.97227364780345, 38.7421831556433], [-87.97269347275653, 38.74250061015266], [-87.97313830321389, 38.74280188167651], [-87.9736068249402, 38.74315036029785], [-87.97410804085129, 38.74345234654226], [-87.97462022339538, 38.743735171711535], [-87.97519707745339, 38.74396083395378], [-87.97587987881602, 38.74417687150213], [-87.97655597515336, 38.74437624864422], [-87.97723925172475, 38.74457020301218], [-87.97785452133758, 38.74481294265], [-87.97841972244971, 38.74509093788983], [-87.97897121527063, 38.745352125390546], [-87.97965511886612, 38.745684094663304], [-87.97996786463733, 38.74589801532185], [-87.98049450107433, 38.746335572990674], [-87.98066577476472, 38.74674085489584], [-87.98068356769555, 38.74706960400958], [-87.98044949997018, 38.747475094732536], [-87.98024338781643, 38.74789197005139], [-87.97995031155668, 38.74842090151595], [-87.9797508145967, 38.7488572078766], [-87.97969317689144, 38.749253966108384], [-87.97954273423417, 38.74970472675413], [-87.97943654887601, 38.75006217556046], [-87.97960234014822, 38.75056127441072], [-87.98002744000866, 38.751475073412536], [-87.98064738804749, 38.752338954298374], [-87.98119119128955, 38.75313837193279], [-87.98187947596867, 38.75393138114916], [-87.98245776104294, 38.754700877174876], [-87.98310852488927, 38.755405046900556], [-87.98372459849426, 38.75641519711754], [-87.98455199987156, 38.75730938604932], [-87.98574874357787, 38.75824431404822]]]}, "properties": {"huc8": "05120113", "name": "Lower Wabash"}}]}